uid,input_tokens,output_tokens,latency_seconds
5,467.0,227.0,3.295790910720825
6,530.0,247.0,3.8539257049560547
7,508.0,238.0,3.8475677967071533
9,478.0,255.0,3.3584814071655273
10,424.0,254.0,4.286148548126221
14,578.0,240.0,3.2339367866516113
16,536.0,218.0,2.6319663524627686
17,468.0,224.0,3.526120901107788
18,464.0,210.0,3.4608399868011475
20,548.0,233.0,3.178614854812622
24,500.0,243.0,3.6484014987945557
25,478.0,251.0,3.6537046432495117
28,504.0,242.0,3.4242875576019287
30,449.0,228.0,2.807447671890259
32,469.0,250.0,4.3820295333862305
33,503.0,202.0,3.0791802406311035
34,513.0,224.0,2.9642560482025146
36,497.0,243.0,3.5742008686065674
38,499.0,218.0,3.9712984561920166
39,515.0,207.0,3.032022714614868
41,452.0,230.0,3.433295249938965
42,461.0,201.0,3.0426738262176514
43,507.0,258.0,3.6599981784820557
44,465.0,242.0,3.038973808288574
45,546.0,245.0,3.047192096710205
46,494.0,210.0,3.0631942749023438
52,466.0,203.0,3.422131299972534
53,461.0,236.0,3.529041051864624
54,491.0,211.0,3.7361907958984375
57,535.0,221.0,3.6423041820526123
60,486.0,249.0,4.246281862258911
61,471.0,215.0,2.6801936626434326
62,491.0,269.0,4.115722417831421
63,519.0,239.0,2.9968008995056152
64,530.0,256.0,3.1743228435516357
65,503.0,270.0,3.4609639644622803
68,478.0,222.0,3.0495920181274414
69,500.0,209.0,2.8198206424713135
71,490.0,201.0,2.5192368030548096
74,516.0,251.0,3.2909278869628906
75,473.0,200.0,2.678982734680176
79,516.0,210.0,2.878446340560913
81,516.0,241.0,3.5524044036865234
82,565.0,213.0,3.072920560836792
83,580.0,203.0,2.6466774940490723
85,480.0,249.0,3.090721368789673
87,453.0,213.0,3.36885404586792
88,478.0,213.0,3.3547017574310303
89,484.0,239.0,3.4425177574157715
90,479.0,196.0,2.739112138748169
92,520.0,261.0,3.5738494396209717
93,477.0,219.0,2.7949557304382324
94,514.0,204.0,2.7938718795776367
95,489.0,224.0,3.5165305137634277
96,484.0,255.0,3.1321675777435303
97,481.0,257.0,3.2918050289154053
100,529.0,228.0,3.295106887817383
102,532.0,204.0,2.6391875743865967
103,459.0,228.0,3.2770802974700928
106,465.0,221.0,3.926309823989868
107,508.0,208.0,2.754270076751709
111,562.0,239.0,3.613961696624756
112,481.0,223.0,2.736222982406616
113,561.0,190.0,2.763392210006714
116,485.0,246.0,3.128406524658203
120,540.0,212.0,3.3229103088378906
121,513.0,223.0,3.5922458171844482
122,448.0,221.0,3.0817112922668457
123,491.0,216.0,3.8885371685028076
125,520.0,209.0,3.057678461074829
126,522.0,222.0,3.2313148975372314
127,480.0,290.0,3.6530325412750244
130,486.0,216.0,3.0097036361694336
135,501.0,226.0,3.0783255100250244
136,495.0,204.0,2.6752285957336426
137,566.0,220.0,2.767362356185913
138,498.0,259.0,3.5556256771087646
139,519.0,215.0,3.629868507385254
141,522.0,238.0,3.1225411891937256
143,530.0,235.0,3.275580406188965
144,458.0,217.0,2.8842058181762695
145,496.0,268.0,3.318537950515747
146,474.0,190.0,2.6564133167266846
148,478.0,234.0,3.3119490146636963
149,459.0,227.0,3.348500967025757
150,489.0,226.0,3.19938588142395
151,473.0,210.0,2.5850491523742676
153,460.0,241.0,2.9220962524414062
154,509.0,223.0,2.6468517780303955
155,503.0,231.0,3.456111192703247
156,487.0,244.0,3.305877685546875
159,479.0,213.0,2.6655025482177734
161,489.0,212.0,3.232581615447998
163,481.0,218.0,2.7124080657958984
167,499.0,189.0,3.229513168334961
169,481.0,214.0,3.3458750247955322
170,489.0,223.0,2.924269676208496
172,478.0,224.0,3.2043259143829346
173,533.0,224.0,3.0458478927612305
174,465.0,205.0,3.299959421157837
175,495.0,243.0,4.087387800216675
177,515.0,247.0,2.8419129848480225
178,548.0,233.0,3.690483570098877
179,445.0,245.0,3.820408344268799
181,472.0,240.0,3.1142778396606445
182,460.0,213.0,3.2215354442596436
183,556.0,223.0,2.9238035678863525
190,437.0,238.0,3.7073960304260254
191,478.0,210.0,3.075949192047119
192,482.0,254.0,3.4527974128723145
193,485.0,229.0,3.1537623405456543
198,533.0,218.0,3.202925682067871
199,476.0,225.0,3.531517505645752
200,434.0,224.0,3.5949747562408447
203,474.0,234.0,3.2734737396240234
204,526.0,203.0,3.0720791816711426
205,549.0,224.0,3.267832040786743
207,471.0,206.0,3.633164167404175
209,520.0,234.0,3.5260703563690186
215,467.0,220.0,3.048285722732544
216,501.0,225.0,2.735562801361084
217,464.0,238.0,3.2363204956054688
219,568.0,234.0,3.167907476425171
220,551.0,206.0,3.0038037300109863
221,530.0,216.0,2.9242987632751465
223,473.0,195.0,2.6642582416534424
224,475.0,230.0,3.4119231700897217
227,467.0,246.0,3.3010594844818115
228,540.0,228.0,3.616943836212158
229,499.0,187.0,2.55285382270813
230,521.0,225.0,2.841702699661255
237,462.0,205.0,2.53476881980896
238,488.0,212.0,2.751811981201172
239,457.0,238.0,3.1941065788269043
244,494.0,240.0,3.058903694152832
246,448.0,219.0,3.1194915771484375
248,480.0,198.0,3.026242971420288
249,475.0,228.0,3.5326926708221436
250,511.0,199.0,2.8938143253326416
251,514.0,210.0,3.0823097229003906
252,462.0,196.0,2.8439037799835205
255,515.0,229.0,3.036118745803833
256,495.0,187.0,2.5116465091705322
257,542.0,211.0,2.7882800102233887
259,522.0,247.0,3.2347168922424316
261,578.0,260.0,3.6027655601501465
263,491.0,212.0,2.626328229904175
265,502.0,256.0,3.358076810836792
266,506.0,254.0,4.342862844467163
271,497.0,274.0,3.695634126663208
273,541.0,249.0,4.063431978225708
274,491.0,247.0,3.232722282409668
276,547.0,216.0,2.690399169921875
277,511.0,235.0,3.4963810443878174
278,520.0,216.0,2.7936460971832275
279,491.0,257.0,3.3538267612457275
280,485.0,234.0,3.077855110168457
282,545.0,255.0,3.398895502090454
283,499.0,231.0,4.048342227935791
288,529.0,262.0,3.123502016067505
289,514.0,217.0,2.8862228393554688
290,460.0,212.0,3.46523118019104
293,494.0,215.0,2.8659603595733643
296,454.0,227.0,3.2328085899353027
298,477.0,232.0,3.7134311199188232
299,535.0,207.0,3.3250110149383545
302,446.0,210.0,2.720456838607788
305,461.0,225.0,2.7855982780456543
306,481.0,214.0,3.3662586212158203
307,495.0,244.0,3.062497138977051
308,502.0,219.0,3.2491326332092285
312,498.0,222.0,2.9932761192321777
313,503.0,214.0,2.56943416595459
314,525.0,202.0,2.423588514328003
317,469.0,228.0,2.990241289138794
318,481.0,216.0,3.023179054260254
319,493.0,207.0,2.759857654571533
321,471.0,223.0,3.031595230102539
322,530.0,237.0,3.3405730724334717
327,530.0,194.0,2.374966859817505
331,502.0,245.0,3.2970714569091797
333,514.0,211.0,2.6739466190338135
337,483.0,206.0,2.77494215965271
339,474.0,252.0,3.6358752250671387
340,463.0,217.0,3.6515419483184814
341,546.0,241.0,4.4347312450408936
342,475.0,223.0,3.0924558639526367
344,477.0,236.0,3.8559048175811768
345,469.0,221.0,2.9901373386383057
346,477.0,207.0,2.6489343643188477
348,465.0,212.0,3.0944533348083496
349,546.0,214.0,3.4310731887817383
351,495.0,233.0,3.7336370944976807
352,524.0,221.0,3.0061798095703125
353,473.0,211.0,2.9586987495422363
354,522.0,272.0,4.3798558712005615
356,515.0,212.0,2.921759605407715
357,538.0,215.0,2.7199342250823975
358,543.0,217.0,3.8919522762298584
361,518.0,244.0,3.451653242111206
363,462.0,218.0,3.3450937271118164
368,513.0,240.0,4.029047966003418
370,502.0,195.0,2.3622658252716064
372,583.0,264.0,3.707209825515747
373,522.0,213.0,3.0469613075256348
374,460.0,221.0,2.7528891563415527
376,494.0,230.0,3.757909059524536
377,489.0,198.0,2.5827383995056152
378,495.0,240.0,3.42208194732666
379,506.0,244.0,3.2858943939208984
384,580.0,213.0,2.59417462348938
385,523.0,190.0,2.677255868911743
387,490.0,207.0,2.703090190887451
388,477.0,233.0,2.766066074371338
389,487.0,223.0,2.8311409950256348
390,488.0,238.0,3.2799015045166016
392,453.0,214.0,3.2170324325561523
393,524.0,249.0,3.769733190536499
394,486.0,226.0,3.8241214752197266
396,521.0,246.0,3.1569578647613525
402,471.0,214.0,2.869370460510254
404,470.0,218.0,3.192396640777588
405,464.0,260.0,3.671802043914795
406,514.0,224.0,2.8049638271331787
409,458.0,286.0,4.457470655441284
411,447.0,231.0,3.023013114929199
413,575.0,235.0,3.6722629070281982
414,518.0,211.0,3.047585964202881
416,550.0,245.0,4.092007398605347
417,532.0,230.0,4.009204864501953
419,522.0,260.0,3.750018835067749
420,478.0,218.0,2.9453649520874023
421,513.0,234.0,4.085514068603516
423,446.0,220.0,3.0956618785858154
427,543.0,221.0,2.8541152477264404
428,483.0,205.0,3.0623409748077393
429,490.0,222.0,3.211484670639038
430,545.0,206.0,3.234182119369507
432,506.0,203.0,3.5985536575317383
433,531.0,252.0,3.7442474365234375
435,553.0,234.0,2.9820263385772705
436,536.0,273.0,4.3148884773254395
440,518.0,261.0,3.4473886489868164
441,479.0,207.0,3.1564781665802
444,453.0,218.0,3.547513723373413
445,504.0,226.0,3.0817811489105225
446,520.0,212.0,3.133098602294922
451,476.0,216.0,3.335824966430664
454,527.0,262.0,4.042750120162964
455,495.0,248.0,3.5047590732574463
457,511.0,293.0,3.5865485668182373
458,458.0,205.0,3.2094857692718506
459,462.0,200.0,3.4958808422088623
460,549.0,253.0,3.1647000312805176
463,488.0,213.0,2.8611299991607666
464,470.0,231.0,3.9327356815338135
465,531.0,263.0,3.5996289253234863
466,524.0,259.0,4.160875082015991
467,514.0,237.0,3.1693270206451416
469,541.0,236.0,3.4936423301696777
470,560.0,231.0,3.1687591075897217
471,502.0,227.0,3.323654890060425
473,466.0,203.0,3.246983528137207
475,564.0,251.0,3.591306447982788
477,488.0,216.0,3.089899778366089
482,484.0,223.0,3.7651684284210205
485,490.0,199.0,3.420924425125122
486,485.0,250.0,3.0306196212768555
490,502.0,199.0,3.1398749351501465
492,483.0,235.0,3.272385597229004
494,519.0,239.0,3.956913471221924
495,525.0,224.0,3.134979486465454
497,511.0,256.0,4.500466585159302
499,521.0,235.0,3.5561411380767822
504,494.0,221.0,3.4159977436065674
506,478.0,192.0,3.078355312347412
508,464.0,172.0,3.567803144454956
509,559.0,229.0,4.057558536529541
511,554.0,196.0,2.5239291191101074
513,545.0,226.0,3.031766891479492
516,484.0,228.0,3.367337465286255
517,479.0,246.0,3.36184024810791
518,471.0,205.0,2.9992177486419678
521,530.0,245.0,4.307259559631348
522,533.0,216.0,3.900596857070923
523,465.0,243.0,4.842219591140747
526,459.0,203.0,2.8168582916259766
527,494.0,230.0,2.948547840118408
528,495.0,209.0,3.0761256217956543
529,478.0,222.0,3.6106622219085693
530,465.0,210.0,3.372591972351074
534,479.0,216.0,3.0641026496887207
535,537.0,220.0,2.8286163806915283
536,467.0,204.0,2.731785535812378
537,528.0,221.0,2.7773876190185547
540,470.0,225.0,3.198784589767456
542,512.0,231.0,3.1838741302490234
543,555.0,231.0,3.553049325942993
545,552.0,232.0,3.3824105262756348
548,461.0,251.0,3.1765389442443848
549,433.0,218.0,3.0716123580932617
550,494.0,218.0,2.7589709758758545
551,485.0,252.0,3.2756757736206055
555,569.0,236.0,3.4855477809906006
557,485.0,228.0,3.251028060913086
558,484.0,216.0,3.8741471767425537
562,534.0,221.0,2.7628982067108154
563,496.0,207.0,3.0607545375823975
564,482.0,280.0,3.588632106781006
565,545.0,207.0,2.6624579429626465
567,521.0,207.0,3.350153684616089
570,520.0,233.0,4.006222248077393
571,452.0,221.0,3.0912508964538574
572,525.0,207.0,3.4695181846618652
573,474.0,215.0,3.350969076156616
574,510.0,226.0,2.723384141921997
577,501.0,203.0,2.5672619342803955
578,464.0,241.0,4.229628086090088
579,514.0,250.0,3.3724446296691895
581,484.0,230.0,3.293393135070801
582,474.0,223.0,3.3977468013763428
583,473.0,208.0,3.268899440765381
589,476.0,226.0,3.797145366668701
592,453.0,209.0,3.169797658920288
597,493.0,202.0,3.1505730152130127
598,489.0,199.0,2.4981346130371094
600,503.0,235.0,3.3577957153320312
601,513.0,242.0,3.4240522384643555
607,510.0,234.0,3.8138225078582764
608,515.0,220.0,3.1333272457122803
609,525.0,213.0,2.9071218967437744
610,472.0,219.0,2.791989326477051
612,482.0,213.0,2.7052860260009766
613,568.0,197.0,2.543602228164673
616,485.0,223.0,2.7843427658081055
619,479.0,226.0,3.4435901641845703
621,472.0,220.0,3.7276008129119873
623,460.0,236.0,3.24635910987854
624,471.0,207.0,2.999279737472534
626,548.0,235.0,3.477125406265259
627,468.0,213.0,2.947213649749756
628,591.0,205.0,2.632873773574829
631,560.0,226.0,2.8858208656311035
632,475.0,210.0,3.0748660564422607
635,559.0,214.0,3.2491068840026855
637,498.0,224.0,3.3044145107269287
638,535.0,260.0,3.694380283355713
641,476.0,218.0,4.087378263473511
642,504.0,245.0,3.0227885246276855
643,491.0,208.0,3.4572410583496094
644,502.0,229.0,3.1689157485961914
645,525.0,230.0,3.181734085083008
647,537.0,195.0,2.445582628250122
648,471.0,221.0,2.889688014984131
649,503.0,238.0,3.6154263019561768
650,500.0,253.0,3.4093310832977295
651,551.0,210.0,2.597477436065674
652,482.0,232.0,3.8581182956695557
653,457.0,221.0,3.599256992340088
657,479.0,241.0,3.6149353981018066
658,457.0,239.0,3.9843742847442627
659,465.0,236.0,3.1995813846588135
660,517.0,231.0,3.3689210414886475
661,534.0,261.0,3.686175584793091
662,489.0,252.0,3.3896305561065674
663,459.0,232.0,3.5824947357177734
664,446.0,222.0,2.7265219688415527
666,507.0,199.0,2.8562190532684326
669,470.0,195.0,3.366504669189453
671,559.0,215.0,3.4318413734436035
672,529.0,252.0,3.1365878582000732
674,424.0,256.0,3.2513318061828613
677,475.0,254.0,3.5368118286132812
678,474.0,262.0,3.2201900482177734
679,434.0,252.0,3.6680567264556885
683,459.0,213.0,2.9694666862487793
685,514.0,202.0,3.619457483291626
686,502.0,226.0,2.8909497261047363
687,485.0,216.0,2.9330015182495117
688,567.0,222.0,2.8081865310668945
689,481.0,289.0,4.275218486785889
690,474.0,207.0,2.4722561836242676
694,499.0,209.0,2.6462810039520264
695,471.0,219.0,3.460922956466675
696,482.0,251.0,3.2595906257629395
702,465.0,224.0,2.8811724185943604
703,469.0,215.0,2.9863483905792236
704,525.0,292.0,3.7216577529907227
705,472.0,214.0,3.810422897338867
706,491.0,243.0,4.8337438106536865
708,517.0,240.0,3.381405830383301
709,519.0,226.0,3.397239923477173
712,507.0,204.0,2.728989362716675
713,517.0,256.0,4.910036563873291
714,573.0,212.0,2.6625657081604004
717,494.0,221.0,2.7506861686706543
718,483.0,256.0,3.5332515239715576
719,552.0,234.0,3.7205610275268555
722,454.0,215.0,2.753596305847168
723,503.0,211.0,3.0547821521759033
725,498.0,221.0,3.138291120529175
729,547.0,204.0,2.6015944480895996
730,490.0,223.0,3.1998631954193115
731,491.0,216.0,2.9639132022857666
733,468.0,220.0,3.138751983642578
736,539.0,247.0,3.298161268234253
737,455.0,219.0,3.0961556434631348
738,529.0,249.0,3.4650208950042725
739,496.0,234.0,3.2695655822753906
740,520.0,256.0,3.3948960304260254
742,495.0,232.0,3.5930488109588623
744,486.0,212.0,2.837722063064575
746,537.0,202.0,2.8413310050964355
748,473.0,262.0,3.69688081741333
749,492.0,237.0,2.693089008331299
751,476.0,241.0,3.1231601238250732
754,464.0,195.0,2.512070655822754
755,531.0,241.0,3.6283421516418457
757,479.0,218.0,3.269881248474121
759,469.0,216.0,3.1040797233581543
761,528.0,226.0,3.7917163372039795
762,499.0,221.0,3.1811888217926025
763,488.0,217.0,2.782970428466797
764,494.0,251.0,3.5574653148651123
765,460.0,258.0,3.381258487701416
766,511.0,241.0,3.245443105697632
769,501.0,215.0,3.6565194129943848
770,500.0,205.0,2.576223850250244
772,536.0,207.0,3.278717041015625
774,472.0,266.0,3.47942852973938
779,524.0,231.0,3.223708391189575
780,557.0,224.0,3.393244981765747
781,505.0,203.0,2.9021894931793213
783,497.0,243.0,4.128763437271118
788,568.0,265.0,3.3176186084747314
789,535.0,250.0,3.0774974822998047
791,541.0,255.0,3.2154300212860107
793,460.0,211.0,3.059122323989868
794,458.0,215.0,3.4889028072357178
796,492.0,232.0,3.0258026123046875
799,501.0,211.0,2.8565402030944824
800,529.0,215.0,2.612377405166626
801,496.0,246.0,3.4376542568206787
803,495.0,229.0,3.354361057281494
804,481.0,224.0,3.0427722930908203
805,516.0,236.0,3.596548557281494
806,534.0,244.0,3.412010669708252
807,514.0,200.0,2.8011598587036133
808,499.0,233.0,2.919942617416382
809,547.0,231.0,2.9177913665771484
810,487.0,228.0,3.922865390777588
812,464.0,210.0,3.107239246368408
814,450.0,210.0,4.059662103652954
816,541.0,232.0,3.1201648712158203
821,496.0,204.0,3.7098734378814697
822,503.0,205.0,2.6901535987854004
823,519.0,241.0,3.2890682220458984
826,504.0,220.0,3.0107903480529785
828,465.0,212.0,2.808130979537964
829,476.0,233.0,3.369006395339966
830,554.0,210.0,3.1682565212249756
831,471.0,228.0,2.882493734359741
832,460.0,209.0,2.8308122158050537
833,511.0,240.0,3.3028736114501953
837,467.0,231.0,3.1120729446411133
838,512.0,201.0,2.969998598098755
841,481.0,209.0,4.010238170623779
842,456.0,185.0,3.347892999649048
845,495.0,242.0,3.4042789936065674
846,506.0,232.0,3.2340505123138428
847,508.0,240.0,3.584653615951538
850,523.0,237.0,3.16489577293396
853,447.0,210.0,2.879807949066162
854,449.0,202.0,2.8733510971069336
855,478.0,202.0,3.1448535919189453
856,497.0,216.0,2.664365530014038
858,465.0,252.0,3.2602922916412354
861,462.0,218.0,3.1880619525909424
862,589.0,251.0,3.3780643939971924
863,508.0,200.0,2.7256019115448
864,523.0,221.0,3.692382335662842
865,539.0,234.0,3.3824567794799805
870,481.0,202.0,2.798409938812256
876,487.0,210.0,2.822643995285034
879,528.0,244.0,3.792104959487915
882,471.0,223.0,4.091486215591431
883,481.0,237.0,2.918233871459961
887,503.0,215.0,3.509399652481079
888,495.0,227.0,3.2846665382385254
889,485.0,229.0,3.17799973487854
891,513.0,267.0,4.257821798324585
893,516.0,241.0,4.226025104522705
894,479.0,204.0,3.7547366619110107
895,478.0,250.0,3.3565890789031982
897,502.0,220.0,3.0653533935546875
898,434.0,220.0,3.0386974811553955
899,494.0,198.0,2.858135223388672
900,472.0,240.0,3.877851724624634
903,484.0,203.0,2.823979616165161
905,484.0,210.0,3.37381911277771
908,491.0,225.0,2.9128284454345703
909,473.0,213.0,3.733187198638916
910,473.0,220.0,3.481795072555542
911,496.0,200.0,2.6997594833374023
912,467.0,199.0,2.7370142936706543
913,516.0,218.0,3.050017833709717
914,539.0,212.0,3.391718864440918
918,439.0,247.0,3.62260365486145
919,566.0,221.0,2.838028907775879
920,526.0,245.0,4.200638771057129
921,466.0,227.0,2.737703561782837
923,499.0,223.0,3.8238062858581543
926,533.0,228.0,2.9631295204162598
928,470.0,214.0,2.9189717769622803
929,482.0,238.0,3.6741538047790527
930,498.0,219.0,2.593050718307495
931,469.0,195.0,2.461019277572632
932,498.0,235.0,3.8007009029388428
933,467.0,204.0,3.2225916385650635
937,469.0,218.0,3.35508131980896
938,473.0,214.0,2.6050899028778076
939,449.0,229.0,3.058448314666748
941,474.0,213.0,2.8197062015533447
942,476.0,201.0,2.9356534481048584
944,477.0,237.0,3.8766400814056396
949,525.0,235.0,2.938568592071533
950,491.0,231.0,2.862560272216797
951,450.0,214.0,3.092805862426758
952,492.0,230.0,3.369312047958374
953,490.0,238.0,3.407285451889038
954,497.0,209.0,3.326763153076172
955,533.0,226.0,3.376673698425293
956,480.0,214.0,3.184810161590576
958,521.0,206.0,3.1022984981536865
959,510.0,212.0,3.1845591068267822
963,496.0,192.0,2.5855817794799805
965,471.0,215.0,3.11791729927063
967,441.0,220.0,3.0754458904266357
968,469.0,207.0,3.228895664215088
969,492.0,219.0,2.914686918258667
971,462.0,254.0,4.085323333740234
972,573.0,214.0,3.424450397491455
975,462.0,238.0,3.41178035736084
976,518.0,240.0,3.647003650665283
977,459.0,204.0,2.967285394668579
979,548.0,226.0,3.53257417678833
982,543.0,208.0,3.3989923000335693
983,485.0,270.0,3.3971853256225586
984,555.0,206.0,2.90311598777771
991,476.0,235.0,3.016512155532837
992,521.0,196.0,2.7268664836883545
994,511.0,227.0,3.285510778427124
997,464.0,199.0,2.834690809249878
998,481.0,204.0,2.8967642784118652
999,532.0,226.0,3.428926467895508
1000,479.0,231.0,3.3093085289001465
1002,505.0,220.0,3.6821935176849365
1004,505.0,233.0,3.234058141708374
1005,489.0,219.0,3.519881248474121
1006,481.0,283.0,4.094069004058838
1007,488.0,236.0,3.552541971206665
1008,484.0,215.0,3.0099222660064697
1009,458.0,211.0,3.3584089279174805
1012,482.0,211.0,4.137222528457642
1013,537.0,233.0,3.752196788787842
1015,519.0,228.0,3.6485755443573
1021,459.0,243.0,4.41962742805481
1026,487.0,217.0,3.8279037475585938
1027,505.0,203.0,2.8465912342071533
1028,474.0,227.0,3.694819927215576
1029,517.0,232.0,3.3201632499694824
1031,510.0,255.0,3.552992820739746
1036,479.0,200.0,2.9395341873168945
1038,466.0,198.0,2.9301419258117676
1041,553.0,233.0,3.640918731689453
1043,519.0,225.0,3.9207732677459717
1044,470.0,239.0,3.3464040756225586
1047,454.0,213.0,2.736860752105713
1053,518.0,252.0,4.175768613815308
1054,465.0,244.0,3.5150370597839355
1055,510.0,242.0,3.494858980178833
1056,506.0,251.0,4.624056577682495
1059,504.0,239.0,3.3918070793151855
1062,506.0,237.0,3.586012601852417
1063,511.0,210.0,2.87962007522583
1065,487.0,223.0,3.4199907779693604
1066,507.0,228.0,3.6525344848632812
1067,487.0,232.0,3.4980010986328125
1069,468.0,210.0,3.1876935958862305
1070,501.0,235.0,3.11881947517395
1071,461.0,209.0,3.0530920028686523
1073,496.0,259.0,3.464003801345825
1074,508.0,228.0,3.553090810775757
1076,487.0,264.0,4.256958484649658
1077,484.0,212.0,2.9755969047546387
1079,530.0,220.0,3.638148069381714
1085,491.0,237.0,3.604530096054077
1088,525.0,203.0,4.330697536468506
1089,488.0,228.0,4.2922937870025635
1091,547.0,239.0,4.290182828903198
1092,494.0,220.0,3.0398566722869873
1093,513.0,218.0,3.0002686977386475
1094,463.0,228.0,2.950906753540039
1097,506.0,261.0,4.3614726066589355
1100,503.0,223.0,3.72866153717041
1101,468.0,216.0,3.0795445442199707
1102,481.0,244.0,3.9186880588531494
1105,546.0,216.0,3.0253190994262695
1106,473.0,226.0,3.458221435546875
1108,576.0,231.0,3.389145612716675
1110,521.0,232.0,3.4875080585479736
1111,520.0,240.0,3.179342031478882
1112,514.0,222.0,3.469290256500244
1115,477.0,228.0,2.903834104537964
1116,513.0,230.0,3.283862590789795
1117,497.0,228.0,3.3886468410491943
1118,474.0,212.0,3.801384687423706
1119,480.0,249.0,3.5655322074890137
1123,482.0,224.0,3.243880271911621
1125,469.0,211.0,3.3491201400756836
1126,503.0,236.0,3.332746982574463
1127,487.0,223.0,3.369946241378784
1128,477.0,229.0,3.561126708984375
1132,528.0,207.0,2.7034590244293213
1133,553.0,210.0,3.105947256088257
1136,453.0,225.0,3.120098352432251
1137,480.0,226.0,3.688322067260742
1140,497.0,208.0,3.055973529815674
1142,481.0,202.0,2.7462618350982666
1144,474.0,217.0,3.2097461223602295
1145,514.0,244.0,3.1776955127716064
1146,512.0,242.0,3.5018439292907715
1147,466.0,230.0,4.408068418502808
1148,566.0,207.0,2.9296581745147705
1150,544.0,206.0,2.678175210952759
1151,499.0,217.0,3.705737590789795
1156,509.0,215.0,2.4638466835021973
1157,521.0,207.0,2.818848133087158
1158,537.0,239.0,4.248090982437134
1159,497.0,245.0,3.7401435375213623
1160,510.0,227.0,3.705256700515747
1164,489.0,196.0,2.7815353870391846
1165,485.0,230.0,3.5200998783111572
1172,505.0,192.0,2.6072959899902344
1173,475.0,280.0,4.084197521209717
1176,504.0,204.0,2.79750657081604
1177,557.0,236.0,4.266109466552734
1180,485.0,256.0,3.930387020111084
1182,539.0,208.0,2.8677430152893066
1183,496.0,213.0,2.8099472522735596
1184,487.0,274.0,4.4894890785217285
1185,476.0,247.0,4.059398651123047
1186,486.0,198.0,3.14827299118042
1188,520.0,212.0,3.4753262996673584
1189,519.0,217.0,3.0597126483917236
1190,517.0,241.0,3.7174453735351562
1193,479.0,214.0,2.5349643230438232
1194,483.0,253.0,3.501915693283081
1195,466.0,209.0,3.210879325866699
1196,510.0,202.0,2.5693552494049072
1198,481.0,237.0,4.155697584152222
1199,488.0,237.0,3.3187949657440186
1200,530.0,205.0,3.197972059249878
1203,529.0,242.0,3.001837730407715
1207,500.0,205.0,2.496356725692749
1208,486.0,217.0,3.037701368331909
1210,480.0,228.0,3.1557140350341797
1212,497.0,250.0,3.373018980026245
1213,513.0,250.0,3.657914400100708
1215,494.0,215.0,3.244046449661255
1216,536.0,219.0,3.8877780437469482
1217,506.0,244.0,4.015877723693848
1218,496.0,251.0,4.092393159866333
1221,481.0,206.0,2.898331880569458
1223,482.0,228.0,3.858281135559082
1224,488.0,194.0,2.900783061981201
1226,489.0,195.0,2.738269090652466
1228,501.0,204.0,3.0661747455596924
1229,529.0,198.0,2.9962100982666016
1230,491.0,218.0,3.307164192199707
1232,541.0,275.0,3.737190008163452
1233,547.0,206.0,2.458285331726074
1235,567.0,202.0,2.7824151515960693
1236,494.0,244.0,3.483125925064087
1239,460.0,244.0,3.7867987155914307
1240,509.0,211.0,3.083167314529419
1241,493.0,199.0,2.697188138961792
1242,470.0,203.0,2.8099284172058105
1244,568.0,257.0,3.339327335357666
1245,486.0,208.0,2.983229398727417
1246,492.0,278.0,3.814423084259033
1248,570.0,267.0,3.50343918800354
1249,455.0,213.0,3.370640516281128
1250,448.0,236.0,3.774603843688965
1251,444.0,199.0,3.058851957321167
1252,475.0,230.0,3.274595022201538
1254,477.0,218.0,2.711162805557251
1255,556.0,180.0,3.504612922668457
1256,561.0,225.0,3.6438207626342773
1258,576.0,233.0,3.1861345767974854
1259,428.0,292.0,4.113880157470703
1260,514.0,213.0,3.4688501358032227
1261,470.0,241.0,4.047661542892456
1262,510.0,230.0,3.5307059288024902
1264,479.0,211.0,3.351827383041382
1266,510.0,209.0,3.117393732070923
1268,456.0,221.0,2.9634578227996826
1269,475.0,204.0,2.616966485977173
1271,524.0,220.0,3.088643789291382
1272,493.0,214.0,2.6949453353881836
1274,519.0,206.0,2.811917781829834
1275,480.0,238.0,3.3336613178253174
1276,497.0,205.0,3.4852659702301025
1280,478.0,241.0,3.982344627380371
1282,511.0,229.0,3.254120111465454
1286,461.0,247.0,4.55527400970459
1287,504.0,203.0,2.8449010848999023
1291,482.0,226.0,2.7595601081848145
1292,506.0,229.0,4.078166723251343
1293,523.0,229.0,2.9900403022766113
1294,543.0,199.0,2.4918062686920166
1297,493.0,206.0,3.090399742126465
1298,517.0,241.0,3.248380661010742
1300,491.0,221.0,3.142348051071167
1302,445.0,199.0,2.668130874633789
1304,460.0,237.0,3.326493978500366
1305,504.0,231.0,3.4586634635925293
1306,517.0,250.0,3.2065861225128174
1307,475.0,211.0,2.960451126098633
1309,477.0,220.0,3.0652220249176025
1310,532.0,219.0,3.1626901626586914
1311,528.0,227.0,2.873471736907959
1312,491.0,199.0,2.79805850982666
1314,493.0,208.0,2.6095056533813477
1315,480.0,220.0,2.892782211303711
1319,550.0,219.0,3.781543493270874
1320,489.0,191.0,2.678248405456543
1321,493.0,228.0,2.871692180633545
1322,486.0,220.0,3.2976200580596924
1324,476.0,222.0,3.673473358154297
1327,558.0,193.0,2.660399913787842
1328,470.0,264.0,3.7077720165252686
1331,479.0,247.0,3.991021156311035
1332,437.0,232.0,3.6471996307373047
1333,486.0,200.0,4.388512134552002
1334,514.0,243.0,3.3015196323394775
1336,557.0,200.0,3.2195658683776855
1337,483.0,204.0,2.9573822021484375
1338,503.0,227.0,3.5758605003356934
1339,535.0,213.0,3.0433285236358643
1340,524.0,227.0,3.7298033237457275
1341,529.0,235.0,3.663393259048462
1342,506.0,248.0,3.403230667114258
1344,527.0,239.0,3.1299352645874023
1345,495.0,232.0,4.160695314407349
1346,511.0,228.0,3.3979783058166504
1347,511.0,216.0,3.6383936405181885
1349,482.0,225.0,3.436572313308716
1351,508.0,268.0,3.43214750289917
1352,517.0,240.0,3.1196095943450928
1355,516.0,214.0,2.7906649112701416
1356,493.0,219.0,2.7564198970794678
1357,484.0,249.0,3.3610968589782715
1358,522.0,210.0,3.172602653503418
1359,477.0,204.0,3.494433879852295
1360,487.0,222.0,2.996793270111084
1361,516.0,198.0,2.689492702484131
1362,438.0,193.0,2.767711639404297
1363,499.0,271.0,4.350295543670654
1366,476.0,218.0,2.97328519821167
1367,470.0,219.0,3.0539145469665527
1369,503.0,232.0,4.0411999225616455
1370,508.0,244.0,3.2262322902679443
1372,556.0,216.0,2.7175333499908447
1374,497.0,243.0,2.9926936626434326
1375,475.0,213.0,2.8851065635681152
1376,477.0,228.0,3.278663158416748
1382,470.0,202.0,2.9197840690612793
1386,493.0,219.0,3.1883597373962402
1390,519.0,230.0,3.2448952198028564
1393,511.0,211.0,2.962329626083374
1395,543.0,232.0,4.036473989486694
1399,473.0,215.0,3.1844639778137207
1401,467.0,231.0,3.5668084621429443
1403,479.0,205.0,3.2141079902648926
1404,461.0,244.0,3.5361170768737793
1410,471.0,255.0,3.817692995071411
1411,535.0,280.0,4.607379198074341
1412,523.0,233.0,3.456000328063965
1413,529.0,208.0,3.2205302715301514
1414,486.0,232.0,3.5975112915039062
1415,470.0,202.0,2.9127113819122314
1416,471.0,205.0,3.2749345302581787
1417,518.0,215.0,3.313448667526245
1423,507.0,243.0,3.4855704307556152
1424,454.0,232.0,3.360860824584961
1425,465.0,240.0,4.287256956100464
1426,579.0,238.0,3.483121633529663
1429,498.0,204.0,3.145265817642212
1430,489.0,237.0,4.549396753311157
1431,505.0,233.0,3.445636510848999
1432,548.0,235.0,3.2731728553771973
1435,497.0,242.0,3.8276968002319336
1437,472.0,234.0,3.499807596206665
1439,509.0,228.0,3.30141544342041
1440,456.0,200.0,2.9199345111846924
1441,525.0,253.0,4.232964992523193
1442,506.0,202.0,3.1894588470458984
1443,462.0,242.0,3.7247703075408936
1444,496.0,215.0,3.123591423034668
1445,480.0,229.0,3.367079734802246
1448,510.0,208.0,3.3405814170837402
1451,443.0,198.0,2.774930238723755
1453,501.0,198.0,3.099202871322632
1456,509.0,283.0,4.235895395278931
1457,499.0,226.0,3.331472158432007
1458,445.0,234.0,3.405094623565674
1459,479.0,244.0,3.6490111351013184
1461,504.0,238.0,3.5493783950805664
1462,478.0,242.0,3.405306816101074
1463,476.0,224.0,3.4960455894470215
1466,491.0,253.0,3.584212303161621
1467,542.0,229.0,3.4569382667541504
1468,470.0,245.0,3.722435474395752
1469,489.0,216.0,2.941138505935669
1471,548.0,214.0,3.134720802307129
1472,487.0,225.0,2.976449966430664
1473,544.0,234.0,3.0874826908111572
1476,490.0,267.0,3.441429853439331
1478,505.0,229.0,3.260096549987793
1479,453.0,216.0,3.612546920776367
1480,482.0,217.0,3.1824827194213867
1481,500.0,197.0,3.0306217670440674
1482,505.0,223.0,3.8211047649383545
1484,502.0,214.0,3.210101842880249
1485,457.0,234.0,3.3094711303710938
1488,478.0,227.0,3.055227279663086
1490,471.0,233.0,3.4195940494537354
1491,542.0,205.0,2.962506055831909
1492,472.0,212.0,3.0885891914367676
1493,561.0,263.0,4.588733196258545
1497,501.0,215.0,2.802445411682129
1499,510.0,220.0,2.9681601524353027
1502,482.0,202.0,3.0204694271087646
1503,490.0,237.0,3.211574077606201
1506,537.0,226.0,3.452688694000244
1509,523.0,244.0,3.3827357292175293
1510,490.0,212.0,2.828019142150879
1511,501.0,211.0,2.893502712249756
1512,479.0,234.0,3.492995262145996
1514,526.0,199.0,3.2817788124084473
1515,463.0,223.0,3.1374528408050537
1517,548.0,216.0,3.818009376525879
1518,495.0,217.0,3.1043426990509033
1520,552.0,206.0,3.039947986602783
1525,487.0,223.0,3.3579423427581787
1526,482.0,252.0,2.9454774856567383
1527,511.0,245.0,3.078439712524414
1529,492.0,216.0,3.181748628616333
1532,487.0,227.0,3.1713595390319824
1534,487.0,263.0,4.0398499965667725
1535,518.0,233.0,3.5194520950317383
1536,476.0,205.0,2.8392176628112793
1539,543.0,231.0,3.3865907192230225
1540,496.0,197.0,3.01811146736145
1541,471.0,276.0,3.8381803035736084
1542,455.0,243.0,3.59112811088562
1543,496.0,219.0,3.2136290073394775
1544,474.0,185.0,2.8633131980895996
1545,501.0,222.0,3.037839651107788
1547,479.0,222.0,3.8384463787078857
1549,464.0,210.0,3.192983865737915
1550,470.0,209.0,3.340407371520996
1551,472.0,260.0,4.685925245285034
1556,569.0,218.0,2.8930246829986572
1560,492.0,210.0,2.8616225719451904
1562,512.0,243.0,3.209962844848633
1563,533.0,216.0,2.7905113697052
1564,463.0,224.0,3.8917288780212402
1565,464.0,210.0,3.162424087524414
1566,492.0,218.0,2.896068572998047
1567,494.0,194.0,3.9776883125305176
1571,484.0,221.0,3.09521746635437
1573,553.0,202.0,3.4452333450317383
1574,524.0,225.0,3.282261848449707
1575,513.0,221.0,2.9799959659576416
1577,522.0,217.0,3.2168304920196533
1578,487.0,242.0,3.45935320854187
1580,489.0,248.0,4.587830543518066
1581,490.0,224.0,3.0797789096832275
1582,494.0,245.0,3.3700673580169678
1583,463.0,247.0,4.134637832641602
1584,475.0,251.0,3.813885450363159
1586,468.0,194.0,2.722621440887451
1589,449.0,208.0,2.7229273319244385
1592,489.0,222.0,4.336976051330566
1594,470.0,213.0,3.1089272499084473
1596,495.0,258.0,3.876218557357788
1597,528.0,276.0,4.141057014465332
1598,474.0,226.0,3.625140428543091
1599,475.0,239.0,3.3359556198120117
1601,506.0,205.0,2.786083221435547
1602,542.0,212.0,3.1237528324127197
1603,475.0,204.0,2.773879289627075
1604,473.0,207.0,3.3060624599456787
1605,512.0,219.0,2.6404612064361572
1609,496.0,208.0,3.004809617996216
1610,535.0,207.0,3.016937255859375
1611,484.0,218.0,2.840325355529785
1612,506.0,190.0,3.664487361907959
1614,463.0,204.0,3.506192207336426
1615,509.0,208.0,3.2778961658477783
1616,459.0,218.0,3.9905080795288086
1618,486.0,236.0,3.1050639152526855
1619,514.0,216.0,2.8993892669677734
1620,490.0,253.0,3.856874465942383
1621,529.0,239.0,3.6006970405578613
1622,555.0,248.0,3.0976760387420654
1624,453.0,220.0,3.620480537414551
1625,466.0,227.0,3.833908796310425
1627,469.0,215.0,3.4774603843688965
1629,544.0,252.0,3.455955743789673
1630,506.0,212.0,2.767489433288574
1631,469.0,215.0,3.0147104263305664
1632,478.0,210.0,2.8113064765930176
1635,483.0,236.0,3.2488110065460205
1637,494.0,203.0,3.4261951446533203
1638,471.0,221.0,3.0787365436553955
1640,484.0,202.0,2.732259750366211
1641,497.0,225.0,3.120499849319458
1643,500.0,210.0,3.441478967666626
1644,560.0,239.0,4.100310802459717
1645,522.0,241.0,3.474936008453369
1646,477.0,219.0,3.055422782897949
1647,523.0,231.0,3.297823429107666
1651,480.0,208.0,3.4061203002929688
1653,470.0,219.0,3.3168203830718994
1654,464.0,210.0,2.585759162902832
1655,495.0,218.0,3.554443359375
1656,535.0,230.0,3.259404420852661
1658,514.0,287.0,4.602896451950073
1659,486.0,212.0,3.3193914890289307
1661,502.0,244.0,4.2046167850494385
1663,463.0,231.0,3.246586561203003
1665,511.0,225.0,3.366981267929077
1666,525.0,250.0,3.4328081607818604
1667,521.0,208.0,3.278552532196045
1668,470.0,218.0,3.928497552871704
1671,485.0,245.0,4.064197540283203
1673,508.0,215.0,2.845557689666748
1675,527.0,217.0,2.9060473442077637
1678,496.0,241.0,2.97312593460083
1685,477.0,207.0,2.8571994304656982
1687,539.0,217.0,3.1152753829956055
1688,525.0,244.0,3.789076328277588
1691,482.0,225.0,3.649906635284424
1692,471.0,249.0,3.262071132659912
1698,444.0,229.0,3.6039531230926514
1699,448.0,218.0,2.8938677310943604
1700,478.0,207.0,2.7113680839538574
1702,533.0,227.0,3.397844076156616
1703,543.0,262.0,4.270400047302246
1704,469.0,216.0,2.9130494594573975
1707,516.0,201.0,3.2378695011138916
1708,523.0,240.0,3.3076701164245605
1709,500.0,206.0,3.24129581451416
1710,472.0,206.0,2.856893301010132
1711,464.0,215.0,2.9985029697418213
1715,471.0,226.0,4.21602463722229
1716,453.0,222.0,3.210278034210205
1717,516.0,222.0,3.662991523742676
1719,518.0,268.0,4.134998559951782
1720,505.0,214.0,2.8691165447235107
1721,567.0,217.0,3.675964117050171
1722,493.0,237.0,3.4658703804016113
1723,496.0,237.0,3.3547003269195557
1726,468.0,205.0,2.7468037605285645
1727,523.0,248.0,3.7684600353240967
1733,475.0,231.0,3.6515426635742188
1734,485.0,238.0,4.198015451431274
1735,503.0,285.0,4.27623176574707
1736,500.0,239.0,3.1561226844787598
1738,489.0,215.0,3.22894549369812
1739,497.0,218.0,3.2146990299224854
1741,536.0,232.0,3.495832681655884
1743,493.0,208.0,3.3578786849975586
1744,498.0,207.0,3.1493918895721436
1745,472.0,239.0,3.4003937244415283
1747,470.0,207.0,2.9035167694091797
1751,474.0,210.0,3.411497116088867
1757,447.0,190.0,2.4678423404693604
1758,482.0,222.0,2.8874402046203613
1759,491.0,229.0,3.5209503173828125
1761,489.0,263.0,3.655210494995117
1763,463.0,234.0,3.892148017883301
1765,474.0,209.0,2.92087984085083
1767,471.0,212.0,3.4086921215057373
1771,460.0,189.0,3.0833683013916016
1772,462.0,219.0,2.950650930404663
1773,507.0,322.0,4.620773077011108
1774,536.0,224.0,3.185868740081787
1775,479.0,233.0,3.051375389099121
1776,543.0,209.0,3.1731739044189453
1777,469.0,209.0,2.8781485557556152
1778,492.0,214.0,3.270538330078125
1779,494.0,228.0,3.420748233795166
1781,457.0,227.0,3.167205572128296
1782,473.0,228.0,3.4423720836639404
1786,471.0,233.0,3.2402570247650146
1787,506.0,191.0,2.395432233810425
1788,475.0,162.0,2.234205722808838
1789,464.0,220.0,2.9470648765563965
1790,541.0,208.0,3.3902459144592285
1792,532.0,240.0,3.8197262287139893
1793,462.0,202.0,3.639326810836792
1794,529.0,222.0,3.4012997150421143
1795,456.0,228.0,3.0889229774475098
1796,476.0,215.0,2.9294373989105225
1797,491.0,215.0,2.984473705291748
1798,456.0,205.0,2.6924681663513184
1800,484.0,206.0,3.1053380966186523
1802,453.0,206.0,3.673614501953125
1804,526.0,251.0,3.4517228603363037
1805,539.0,228.0,3.2172088623046875
1806,523.0,234.0,3.296062707901001
1808,494.0,229.0,3.8199338912963867
1809,528.0,218.0,3.381343126296997
1811,496.0,222.0,3.582179069519043
1814,545.0,253.0,3.9219794273376465
1815,551.0,224.0,3.292253017425537
1817,540.0,221.0,4.450596570968628
1818,536.0,232.0,3.4647738933563232
1819,452.0,215.0,3.219344139099121
1821,523.0,211.0,3.028031587600708
1822,507.0,215.0,3.3045220375061035
1823,462.0,226.0,3.413602113723755
1824,481.0,232.0,3.3318002223968506
1825,518.0,256.0,3.9790151119232178
1826,470.0,224.0,3.9587337970733643
1828,465.0,202.0,2.492354154586792
1829,562.0,213.0,3.0869510173797607
1831,438.0,216.0,2.970100164413452
1832,487.0,223.0,3.1266980171203613
1836,513.0,222.0,3.384444236755371
1838,549.0,200.0,2.7162699699401855
1839,541.0,224.0,3.609304189682007
1840,528.0,249.0,3.796579360961914
1841,495.0,205.0,2.9903736114501953
1843,432.0,259.0,3.977619171142578
1844,477.0,227.0,2.8610870838165283
1845,509.0,209.0,2.8555727005004883
1848,533.0,248.0,4.287208795547485
1849,583.0,239.0,3.896652936935425
1851,547.0,232.0,3.7632899284362793
1852,481.0,201.0,2.965299129486084
1854,554.0,204.0,3.1775004863739014
1856,540.0,213.0,2.9142282009124756
1857,533.0,209.0,2.9421346187591553
1858,509.0,208.0,2.8052971363067627
1860,481.0,248.0,3.558156728744507
1862,471.0,217.0,2.92193603515625
1863,466.0,228.0,3.994119882583618
1865,469.0,232.0,3.08657169342041
1869,479.0,243.0,3.365614652633667
1870,457.0,213.0,3.119536876678467
1871,526.0,200.0,3.3675732612609863
1872,476.0,203.0,2.805528402328491
1878,514.0,199.0,2.848517894744873
1880,478.0,240.0,4.139879941940308
1881,514.0,206.0,3.164611339569092
1884,532.0,204.0,3.379183292388916
1885,522.0,207.0,2.9441888332366943
1887,566.0,241.0,3.396055221557617
1889,489.0,196.0,2.726702928543091
1890,478.0,230.0,3.6514949798583984
1896,466.0,201.0,2.8788037300109863
1898,510.0,237.0,3.5230352878570557
1900,464.0,206.0,2.7851498126983643
1901,507.0,202.0,3.244361162185669
1902,506.0,210.0,2.9057729244232178
1905,502.0,212.0,2.825071334838867
1906,529.0,218.0,3.047926664352417
1907,452.0,197.0,3.0730817317962646
1910,483.0,211.0,3.5523316860198975
1915,499.0,218.0,3.3002238273620605
1916,491.0,215.0,4.1165831089019775
1918,500.0,210.0,2.934386968612671
1919,499.0,223.0,3.0370688438415527
1922,482.0,267.0,3.920680522918701
1923,535.0,245.0,3.6704092025756836
1925,512.0,207.0,2.963465690612793
1926,505.0,222.0,3.0717368125915527
1928,441.0,200.0,3.3292901515960693
1929,506.0,284.0,3.838010311126709
1931,566.0,227.0,4.128203392028809
1935,476.0,214.0,3.0401177406311035
1940,484.0,220.0,4.163524866104126
1941,471.0,270.0,4.365875720977783
1942,484.0,248.0,3.81893253326416
1944,537.0,229.0,4.265402555465698
1945,485.0,221.0,3.0522384643554688
1946,503.0,232.0,3.538735866546631
1947,531.0,216.0,3.2276904582977295
1949,510.0,230.0,3.7213683128356934
1953,458.0,207.0,3.5261764526367188
1955,537.0,229.0,3.913447141647339
1959,458.0,227.0,3.4926223754882812
1961,468.0,230.0,3.5794637203216553
1962,471.0,223.0,3.4148569107055664
1963,554.0,239.0,3.7719955444335938
1969,510.0,220.0,3.3442838191986084
1970,467.0,214.0,3.8171799182891846
1973,486.0,207.0,2.804729461669922
1974,496.0,288.0,4.006775140762329
1976,467.0,251.0,4.382179260253906
1978,453.0,242.0,3.7181458473205566
1981,487.0,221.0,3.64365553855896
1982,502.0,218.0,3.6277477741241455
1983,525.0,237.0,4.969737768173218
1986,536.0,242.0,3.369133949279785
1987,440.0,216.0,4.079701900482178
1988,473.0,216.0,3.4977986812591553
1989,466.0,212.0,3.077892780303955
1990,483.0,204.0,3.6335577964782715
1991,488.0,261.0,4.094194173812866
1994,558.0,292.0,3.8277859687805176
1997,494.0,218.0,2.931211471557617
2000,498.0,199.0,2.9789395332336426
2002,518.0,205.0,3.307018756866455
2005,506.0,256.0,3.478306531906128
2006,485.0,219.0,3.362739324569702
2007,489.0,203.0,3.538041830062866
2011,466.0,201.0,3.0016517639160156
2012,567.0,230.0,3.4315860271453857
2013,562.0,225.0,2.9690744876861572
2015,529.0,223.0,3.136080265045166
2016,495.0,225.0,3.0016345977783203
2017,453.0,232.0,3.187206745147705
2018,485.0,216.0,2.9874963760375977
2020,526.0,211.0,2.9921841621398926
2021,511.0,201.0,3.6148080825805664
2022,511.0,213.0,3.106947183609009
2023,454.0,227.0,3.2779903411865234
2024,566.0,226.0,3.473844528198242
2025,467.0,245.0,3.2832555770874023
2027,499.0,256.0,3.469928026199341
2028,489.0,213.0,4.3996806144714355
2029,525.0,226.0,3.4780330657958984
2030,454.0,221.0,2.8527791500091553
2032,459.0,221.0,4.123073101043701
2033,484.0,201.0,4.42408299446106
2034,507.0,235.0,3.1807007789611816
2037,538.0,201.0,2.5850424766540527
2038,520.0,216.0,2.9129343032836914
2040,512.0,202.0,2.9235479831695557
2042,515.0,220.0,3.374723434448242
2043,484.0,255.0,4.767699480056763
2044,489.0,215.0,3.2308592796325684
2047,493.0,210.0,3.1058807373046875
2048,518.0,245.0,3.540034770965576
2049,487.0,217.0,3.981440305709839
2052,489.0,243.0,4.363953351974487
2055,477.0,233.0,3.4906623363494873
2057,487.0,232.0,3.319888114929199
2058,505.0,230.0,3.1176247596740723
2059,477.0,221.0,3.13352632522583
2061,532.0,233.0,4.0942606925964355
2062,469.0,266.0,3.4846017360687256
2066,518.0,272.0,4.700026512145996
2067,550.0,243.0,4.2056262493133545
2070,518.0,240.0,3.6501307487487793
2071,508.0,199.0,3.3188302516937256
2074,446.0,209.0,3.512885570526123
2075,502.0,204.0,3.278567314147949
2076,546.0,207.0,3.1039998531341553
2078,521.0,223.0,3.584524631500244
2079,453.0,209.0,3.2554287910461426
2081,487.0,239.0,4.27255654335022
2083,467.0,198.0,2.94112229347229
2084,466.0,241.0,4.1476781368255615
2087,486.0,232.0,2.9274332523345947
2088,499.0,203.0,2.9295198917388916
2091,467.0,240.0,3.52862811088562
2093,525.0,211.0,3.478053331375122
2094,479.0,210.0,3.0026702880859375
2096,521.0,245.0,3.92914080619812
2097,475.0,221.0,3.1749424934387207
2098,499.0,248.0,3.943957805633545
2103,462.0,232.0,3.555572032928467
2104,472.0,202.0,2.9828505516052246
2105,492.0,208.0,3.0681045055389404
2107,519.0,217.0,3.222888231277466
2108,459.0,260.0,4.461221694946289
2110,451.0,212.0,3.4812679290771484
2112,495.0,224.0,3.6920664310455322
2114,494.0,204.0,3.7967677116394043
2115,473.0,207.0,2.950652837753296
2117,476.0,257.0,3.813460111618042
2119,480.0,208.0,2.5716376304626465
2121,463.0,219.0,3.0173583030700684
2123,490.0,230.0,3.961850643157959
2124,558.0,253.0,3.67281436920166
2125,544.0,228.0,4.014909029006958
2126,511.0,235.0,3.9277145862579346
2127,502.0,251.0,3.4124033451080322
2128,478.0,194.0,2.9010472297668457
2133,484.0,223.0,3.4894165992736816
2134,503.0,213.0,2.9183311462402344
2136,518.0,244.0,3.637580394744873
2138,490.0,245.0,3.621471643447876
2139,491.0,215.0,3.2394449710845947
2141,511.0,233.0,3.5920472145080566
2142,489.0,240.0,3.0670225620269775
2147,477.0,195.0,3.4087984561920166
2152,509.0,234.0,3.0119094848632812
2153,480.0,235.0,3.2946763038635254
2154,486.0,217.0,3.612560749053955
2155,528.0,227.0,3.244964122772217
2156,528.0,224.0,4.510411262512207
2157,502.0,215.0,5.0110390186309814
2158,547.0,205.0,4.534687280654907
2159,442.0,214.0,3.787965774536133
2162,471.0,274.0,4.511378526687622
2165,491.0,212.0,3.3865408897399902
2167,473.0,219.0,3.7156310081481934
2168,486.0,234.0,4.5375285148620605
2169,467.0,228.0,3.6335184574127197
2170,503.0,213.0,3.9043610095977783
2174,471.0,214.0,3.401010751724243
2175,452.0,209.0,3.3775765895843506
2176,465.0,218.0,3.2253050804138184
2178,475.0,242.0,4.234690427780151
2179,546.0,236.0,3.8740997314453125
2180,493.0,229.0,3.9064178466796875
2181,452.0,206.0,4.308674335479736
2183,435.0,225.0,3.5731256008148193
2185,542.0,232.0,3.6248321533203125
2189,494.0,213.0,3.535475492477417
2190,517.0,228.0,3.8146355152130127
2194,501.0,239.0,3.8592004776000977
2196,495.0,220.0,3.7832489013671875
2197,476.0,255.0,4.218168497085571
2198,475.0,228.0,3.5820250511169434
2199,519.0,228.0,3.554133892059326
2200,536.0,230.0,3.761732578277588
2202,484.0,209.0,2.870105504989624
2203,502.0,235.0,3.3111789226531982
2204,515.0,254.0,3.615980625152588
2207,484.0,212.0,3.314638614654541
2214,550.0,207.0,3.0024170875549316
2216,544.0,238.0,3.3148703575134277
2221,491.0,237.0,4.119029521942139
2223,537.0,214.0,3.073003053665161
2224,494.0,219.0,4.045183181762695
2225,490.0,235.0,3.59629225730896
2228,458.0,232.0,3.7942590713500977
2230,483.0,292.0,4.821623086929321
2231,466.0,211.0,3.3037450313568115
2232,463.0,209.0,3.6792852878570557
2233,501.0,238.0,4.249545335769653
2234,460.0,210.0,3.267991542816162
2236,478.0,264.0,3.396491527557373
2238,521.0,203.0,5.13554835319519
2240,500.0,212.0,3.8054089546203613
2243,460.0,204.0,3.7411365509033203
2245,481.0,206.0,3.225964069366455
2246,526.0,252.0,4.476127862930298
2248,466.0,192.0,3.498472213745117
2249,507.0,235.0,4.032967567443848
2250,482.0,221.0,3.7352240085601807
2253,515.0,260.0,5.0637664794921875
2254,485.0,270.0,4.363440752029419
2260,486.0,202.0,3.259812355041504
2261,505.0,249.0,3.587822437286377
2263,535.0,254.0,3.814058303833008
2264,526.0,227.0,3.5020830631256104
2265,488.0,225.0,3.9881863594055176
2266,471.0,223.0,3.628159284591675
2269,535.0,262.0,4.120904207229614
2271,485.0,213.0,3.5663766860961914
2272,493.0,274.0,3.9699931144714355
2273,592.0,225.0,3.8701858520507812
2274,480.0,205.0,3.034332752227783
2276,484.0,237.0,3.833566427230835
2277,459.0,263.0,4.005532264709473
2278,485.0,249.0,4.0650458335876465
2279,492.0,219.0,3.7653305530548096
2282,477.0,231.0,3.5417239665985107
2283,566.0,261.0,4.016165018081665
2284,489.0,209.0,3.6902167797088623
2285,496.0,232.0,3.364017963409424
2286,513.0,199.0,3.3585803508758545
2288,513.0,228.0,3.392197608947754
2289,459.0,229.0,3.5970380306243896
2290,590.0,215.0,3.535888433456421
2293,502.0,202.0,3.369600296020508
2294,531.0,222.0,3.135138988494873
2295,474.0,207.0,3.1907124519348145
2297,520.0,255.0,4.1752989292144775
2298,565.0,218.0,3.3939085006713867
2300,503.0,218.0,3.429166078567505
2301,494.0,233.0,3.5773520469665527
2302,470.0,249.0,4.252289056777954
2304,467.0,200.0,3.2154366970062256
2306,478.0,241.0,3.5940425395965576
2307,589.0,257.0,5.3723602294921875
2308,460.0,206.0,3.387131929397583
2309,506.0,229.0,4.170035123825073
2312,539.0,263.0,4.243451118469238
2313,446.0,216.0,3.379936933517456
2314,491.0,264.0,4.514669179916382
2316,483.0,225.0,4.326699733734131
2319,476.0,236.0,3.8907084465026855
2320,489.0,206.0,3.262040376663208
2321,483.0,224.0,3.595870018005371
2324,467.0,217.0,3.54445743560791
2327,538.0,231.0,3.436725616455078
2329,508.0,225.0,3.389147996902466
2331,488.0,231.0,3.9937431812286377
2332,498.0,213.0,4.073679685592651
2334,472.0,244.0,4.249935865402222
2336,526.0,225.0,3.4754345417022705
2337,529.0,200.0,3.0327649116516113
2338,465.0,263.0,3.639965534210205
2341,578.0,243.0,3.8274013996124268
2342,500.0,245.0,4.191858768463135
2348,457.0,235.0,3.661332845687866
2349,556.0,233.0,4.197539567947388
2350,498.0,234.0,3.6571998596191406
2351,537.0,260.0,3.8070809841156006
2353,568.0,238.0,4.053426027297974
2356,468.0,216.0,3.654572010040283
2357,467.0,203.0,2.9300074577331543
2363,500.0,237.0,3.7334585189819336
2364,492.0,260.0,3.9760923385620117
2365,548.0,235.0,3.866443395614624
2366,494.0,214.0,3.4762187004089355
2368,532.0,209.0,3.795308828353882
2369,460.0,214.0,3.306544542312622
2376,547.0,222.0,3.947657346725464
2377,443.0,220.0,3.5507583618164062
2378,496.0,195.0,2.935023546218872
2380,457.0,215.0,3.658613443374634
2383,511.0,222.0,4.458176136016846
2384,487.0,239.0,3.6440231800079346
2385,543.0,215.0,3.1807334423065186
2387,526.0,199.0,3.0613560676574707
2389,476.0,225.0,3.6808767318725586
2392,548.0,219.0,3.8408203125
2395,458.0,221.0,3.567772388458252
2396,524.0,219.0,3.410698890686035
2397,474.0,237.0,3.9901797771453857
2399,531.0,232.0,3.6902835369110107
2401,463.0,238.0,3.70652174949646
2402,535.0,245.0,3.8054182529449463
2404,514.0,220.0,3.791888475418091
2408,450.0,232.0,4.182584285736084
2409,492.0,227.0,3.1664490699768066
2410,473.0,231.0,3.4839041233062744
2411,511.0,181.0,3.1668295860290527
2412,528.0,203.0,3.3362033367156982
2415,501.0,218.0,3.568213939666748
2417,491.0,213.0,3.0916028022766113
2418,442.0,226.0,4.046037435531616
2419,522.0,230.0,3.735151529312134
2420,524.0,274.0,3.962942123413086
2421,474.0,210.0,3.1609957218170166
2423,530.0,279.0,4.5512168407440186
2424,533.0,216.0,3.5174267292022705
2425,470.0,219.0,3.8864879608154297
2426,509.0,203.0,3.4450786113739014
2427,484.0,221.0,3.7643187046051025
2428,469.0,202.0,3.1114003658294678
2429,495.0,269.0,4.430819988250732
2431,509.0,255.0,4.115726709365845
2432,540.0,225.0,3.9480812549591064
2434,480.0,177.0,3.001293420791626
2440,545.0,203.0,3.775754928588867
2441,495.0,244.0,4.114252328872681
2442,491.0,247.0,4.407199859619141
2443,538.0,199.0,3.192565679550171
2446,465.0,199.0,2.862262725830078
2448,522.0,227.0,3.6314048767089844
2449,464.0,195.0,3.2344179153442383
2451,523.0,226.0,3.6388299465179443
2457,475.0,260.0,4.361172914505005
2458,485.0,216.0,3.7118706703186035
2459,534.0,229.0,4.106695175170898
2466,529.0,245.0,3.921781301498413
2467,488.0,219.0,3.52805495262146
2471,485.0,269.0,4.7760796546936035
2472,522.0,245.0,4.689518213272095
2474,469.0,249.0,4.502813339233398
2475,522.0,205.0,3.179452896118164
2477,496.0,211.0,3.5134198665618896
2478,498.0,267.0,4.70825457572937
2479,556.0,218.0,3.2219018936157227
2485,483.0,247.0,4.117959260940552
2489,497.0,194.0,3.089369535446167
2493,551.0,270.0,4.924644947052002
2495,495.0,264.0,4.744384527206421
2496,479.0,215.0,3.461820363998413
2498,472.0,200.0,2.962820291519165
2503,498.0,215.0,3.6970927715301514
2504,519.0,227.0,5.464862108230591
2505,492.0,212.0,3.280802011489868
2508,575.0,202.0,3.1185874938964844
2510,477.0,237.0,4.357096910476685
2512,486.0,236.0,3.89670729637146
2513,540.0,216.0,3.5564632415771484
2514,554.0,236.0,4.04746150970459
2516,525.0,257.0,4.387592077255249
2518,516.0,240.0,4.96391487121582
2519,507.0,222.0,3.9839391708374023
2524,468.0,201.0,3.0434257984161377
2526,540.0,230.0,3.5049996376037598
2529,428.0,207.0,3.4375221729278564
2530,505.0,232.0,4.005307674407959
2536,511.0,207.0,3.396571636199951
2537,525.0,204.0,3.1339592933654785
2538,555.0,217.0,3.365520477294922
2544,467.0,202.0,3.3869447708129883
2545,478.0,222.0,3.4476940631866455
2546,463.0,202.0,3.1548166275024414
2547,472.0,225.0,4.388338327407837
2550,459.0,241.0,4.055830240249634
2554,461.0,205.0,3.0411736965179443
2555,477.0,207.0,3.3143460750579834
2556,514.0,228.0,3.5865566730499268
2559,466.0,214.0,3.8351056575775146
2562,444.0,219.0,3.4751670360565186
2566,485.0,218.0,3.9867775440216064
2567,494.0,231.0,3.418543577194214
2568,517.0,230.0,3.9865355491638184
2569,508.0,212.0,3.2062392234802246
2570,549.0,216.0,3.2371811866760254
2571,496.0,205.0,3.6085410118103027
2573,519.0,237.0,3.721691370010376
2579,472.0,209.0,3.6367762088775635
2582,520.0,213.0,3.6914966106414795
2584,491.0,213.0,3.1567485332489014
2585,462.0,210.0,3.641019344329834
2586,506.0,201.0,3.543328046798706
2587,511.0,222.0,3.438084840774536
2588,482.0,234.0,3.758798837661743
2589,491.0,248.0,4.385117292404175
2592,497.0,203.0,2.846147298812866
2594,575.0,248.0,3.9922537803649902
2596,518.0,213.0,3.4825422763824463
2599,459.0,202.0,3.7999634742736816
2600,515.0,231.0,3.665900945663452
2601,472.0,228.0,3.832829475402832
2602,478.0,207.0,3.4370229244232178
2603,511.0,194.0,3.3675479888916016
2607,476.0,205.0,3.1345200538635254
2608,503.0,221.0,3.325543165206909
2610,491.0,203.0,2.968200445175171
2611,497.0,206.0,3.094930410385132
2612,474.0,227.0,3.73553204536438
2614,482.0,204.0,3.610224723815918
2615,477.0,209.0,3.153176784515381
2620,484.0,260.0,3.9467649459838867
2621,516.0,201.0,3.057492733001709
2625,475.0,251.0,3.656783103942871
2629,481.0,204.0,3.102113723754883
2633,517.0,219.0,3.1241347789764404
2634,521.0,230.0,4.068209648132324
2636,497.0,201.0,3.4925270080566406
2637,497.0,238.0,4.173706293106079
2639,515.0,240.0,3.841299295425415
2642,476.0,166.0,3.1215314865112305
2645,521.0,212.0,3.7514820098876953
2647,497.0,211.0,3.257713556289673
2651,477.0,242.0,4.447204113006592
2653,467.0,196.0,3.638256549835205
2654,465.0,225.0,4.047573089599609
2657,475.0,195.0,3.582691192626953
2658,498.0,239.0,3.726210594177246
2659,518.0,203.0,3.1233255863189697
2660,468.0,197.0,3.0695130825042725
2662,498.0,202.0,2.9631381034851074
2666,510.0,223.0,3.6914877891540527
2667,466.0,255.0,4.3324785232543945
2670,520.0,200.0,3.31147837638855
2671,547.0,245.0,4.1367881298065186
2672,446.0,232.0,3.9198720455169678
2673,540.0,209.0,3.4924542903900146
2675,502.0,238.0,3.851980686187744
2678,517.0,248.0,4.028618335723877
2679,490.0,250.0,4.200083255767822
2680,492.0,261.0,3.8503336906433105
2681,557.0,224.0,3.6203503608703613
2683,471.0,206.0,3.518157958984375
2684,516.0,214.0,3.811814308166504
2686,527.0,205.0,3.0847604274749756
2687,488.0,208.0,3.694356679916382
2689,498.0,216.0,4.040759801864624
2690,498.0,261.0,3.99226450920105
2691,453.0,224.0,3.6098062992095947
2693,507.0,248.0,4.1577959060668945
2694,558.0,222.0,3.695554494857788
2695,519.0,215.0,3.5312514305114746
2697,456.0,230.0,3.562368392944336
2699,470.0,242.0,4.191228151321411
2700,509.0,239.0,3.9332962036132812
2701,528.0,227.0,4.522473573684692
2704,516.0,217.0,3.6565229892730713
2705,541.0,223.0,3.6979100704193115
2706,496.0,211.0,3.363853693008423
2707,448.0,233.0,3.986229181289673
2708,515.0,210.0,3.785691261291504
2711,561.0,245.0,4.200068712234497
2712,536.0,208.0,3.123958110809326
2715,572.0,230.0,4.052960395812988
2716,526.0,192.0,3.3600709438323975
2717,534.0,255.0,4.477187633514404
2720,524.0,202.0,3.3100643157958984
2724,498.0,224.0,3.454132556915283
2727,563.0,273.0,4.328637599945068
2730,474.0,249.0,4.462156772613525
2731,535.0,214.0,3.279022216796875
2732,486.0,210.0,3.488252639770508
2734,448.0,161.0,2.8739588260650635
2737,479.0,196.0,3.407924175262451
2738,465.0,230.0,3.7027456760406494
2739,536.0,238.0,4.324218273162842
2740,524.0,214.0,3.822740077972412
2741,546.0,226.0,3.981820821762085
2744,535.0,208.0,3.603123903274536
2745,465.0,219.0,3.9761338233947754
2747,497.0,232.0,3.7553083896636963
2748,520.0,235.0,4.074408531188965
2750,457.0,246.0,3.8871560096740723
2751,488.0,253.0,4.307710647583008
2752,506.0,205.0,3.516131639480591
2753,465.0,220.0,3.662619113922119
2754,480.0,202.0,3.354109287261963
2755,467.0,210.0,3.6676077842712402
2756,461.0,198.0,3.2359554767608643
2758,491.0,205.0,3.4356729984283447
2762,495.0,200.0,3.449507236480713
2763,510.0,218.0,3.9466724395751953
2764,546.0,228.0,3.831690549850464
2765,467.0,205.0,3.3705894947052
2768,481.0,251.0,4.0905442237854
2769,525.0,227.0,4.221417188644409
2770,512.0,267.0,4.729246377944946
2771,489.0,207.0,3.752011775970459
2772,483.0,214.0,3.4255874156951904
2773,492.0,199.0,3.5750904083251953
2774,478.0,229.0,3.890726089477539
2776,463.0,217.0,3.5457868576049805
2777,461.0,233.0,3.8580479621887207
2778,447.0,202.0,3.9764862060546875
2780,501.0,217.0,3.486929416656494
2781,458.0,201.0,3.531601667404175
2785,462.0,239.0,4.208733558654785
2786,495.0,196.0,2.9624316692352295
2787,514.0,216.0,3.0670108795166016
2788,543.0,236.0,3.8357455730438232
2789,563.0,209.0,3.392503261566162
2791,475.0,259.0,4.085142135620117
2793,497.0,253.0,4.0760109424591064
2795,486.0,254.0,4.330442428588867
2796,473.0,220.0,3.2424256801605225
2798,493.0,236.0,4.219754457473755
2799,475.0,222.0,3.3012664318084717
2801,489.0,239.0,4.179810285568237
2802,487.0,214.0,3.7280383110046387
2804,498.0,219.0,3.656034231185913
2805,492.0,259.0,4.230278015136719
2807,495.0,224.0,3.5633153915405273
2808,492.0,252.0,4.4818947315216064
2809,496.0,226.0,4.388842821121216
2812,525.0,266.0,4.3602135181427
2813,511.0,224.0,3.605426549911499
2814,481.0,198.0,2.9086525440216064
2816,540.0,223.0,3.867687940597534
2817,465.0,239.0,3.7368760108947754
2818,442.0,208.0,3.7288694381713867
2824,516.0,208.0,3.638704538345337
2825,478.0,210.0,3.298335075378418
2829,533.0,204.0,4.0243096351623535
2830,500.0,235.0,4.300991535186768
2836,498.0,266.0,4.424366474151611
2838,466.0,227.0,3.640557050704956
2839,552.0,197.0,2.8558313846588135
2840,465.0,219.0,3.413964033126831
2841,493.0,243.0,4.422223329544067
2842,499.0,228.0,4.007235288619995
2844,544.0,241.0,3.8224880695343018
2845,504.0,232.0,4.233698606491089
2846,514.0,225.0,4.441336631774902
2848,514.0,224.0,4.244095802307129
2849,555.0,225.0,3.913928270339966
2854,504.0,216.0,3.782987356185913
2855,510.0,213.0,3.1668477058410645
2860,466.0,230.0,4.310030698776245
2861,491.0,226.0,3.6545464992523193
2863,473.0,204.0,3.2035350799560547
2865,498.0,214.0,3.5007553100585938
2868,481.0,231.0,4.515162706375122
2870,485.0,251.0,4.007186651229858
2872,536.0,223.0,4.412470579147339
2873,517.0,245.0,3.749171018600464
2874,578.0,233.0,3.775599718093872
2876,520.0,204.0,3.0221140384674072
2877,493.0,222.0,3.5005578994750977
2881,471.0,267.0,4.65192174911499
2882,474.0,198.0,3.0251262187957764
2883,470.0,202.0,3.961513042449951
2886,474.0,229.0,4.21143102645874
2888,529.0,206.0,3.6579551696777344
2889,543.0,239.0,4.260080099105835
2890,486.0,223.0,3.116697072982788
2891,487.0,265.0,4.1849045753479
2892,487.0,212.0,3.314492702484131
2894,466.0,241.0,3.6944949626922607
2895,467.0,226.0,3.6836423873901367
2896,476.0,233.0,3.874389171600342
2898,512.0,217.0,3.527552843093872
2899,469.0,295.0,4.01469612121582
2900,484.0,246.0,4.138524532318115
2901,516.0,198.0,3.6273305416107178
2904,535.0,219.0,3.3147270679473877
2908,446.0,209.0,3.3856148719787598
2909,550.0,243.0,3.7169296741485596
2912,457.0,205.0,3.1161887645721436
2913,474.0,256.0,4.275125026702881
2916,505.0,224.0,4.050914764404297
2917,561.0,250.0,4.989525556564331
2919,517.0,252.0,4.086132764816284
2920,560.0,220.0,3.830732822418213
2921,523.0,238.0,3.9060113430023193
2923,505.0,244.0,4.514855861663818
2924,454.0,243.0,4.005964994430542
2925,498.0,202.0,3.102691888809204
2926,548.0,222.0,3.3381357192993164
2927,492.0,213.0,3.58256196975708
2928,482.0,230.0,3.744492292404175
2929,449.0,196.0,3.608349323272705
2930,526.0,232.0,4.019464731216431
2935,549.0,259.0,4.889941215515137
2939,494.0,226.0,4.24457859992981
2944,444.0,210.0,3.248281478881836
2946,471.0,232.0,4.143896102905273
2947,451.0,235.0,3.7811646461486816
2948,514.0,225.0,3.971264123916626
2949,506.0,202.0,2.8913662433624268
2951,530.0,234.0,4.287109375
2952,485.0,243.0,3.8380024433135986
2953,513.0,210.0,3.246018409729004
2955,549.0,205.0,3.0468244552612305
2956,468.0,220.0,3.6742501258850098
2957,507.0,232.0,3.819046974182129
2958,539.0,209.0,3.4640657901763916
2959,493.0,211.0,3.4651806354522705
2961,538.0,215.0,3.1985504627227783
2963,498.0,246.0,3.9051620960235596
2964,509.0,225.0,3.9841854572296143
2966,468.0,210.0,3.246852397918701
2968,511.0,213.0,3.4441473484039307
2969,467.0,204.0,3.0755836963653564
2972,489.0,210.0,3.277611255645752
2975,499.0,233.0,3.8320229053497314
2977,483.0,253.0,4.125564813613892
2978,507.0,169.0,2.908006191253662
2979,493.0,207.0,3.0816094875335693
2981,565.0,226.0,3.9653124809265137
2984,491.0,243.0,3.91546368598938
2986,527.0,242.0,4.660700559616089
2987,501.0,217.0,3.3668274879455566
2988,550.0,247.0,4.089168310165405
2990,492.0,252.0,3.822610378265381
2993,497.0,232.0,3.889721632003784
2994,498.0,209.0,3.3984997272491455
2997,482.0,205.0,4.179970979690552
2999,563.0,252.0,4.394719123840332
3000,531.0,233.0,3.685265064239502
3003,500.0,215.0,3.4326491355895996
3006,498.0,211.0,3.486799478530884
3009,547.0,241.0,3.967135190963745
3010,514.0,241.0,3.7278671264648438
3011,478.0,199.0,2.848673105239868
3013,456.0,216.0,3.4509472846984863
3016,460.0,215.0,3.2511091232299805
3017,454.0,232.0,3.4094982147216797
3019,518.0,230.0,3.6393556594848633
3020,510.0,208.0,3.9053385257720947
3022,502.0,215.0,3.4923255443573
3026,544.0,184.0,3.560279130935669
3027,482.0,248.0,4.016590595245361
3033,463.0,226.0,3.743621587753296
3036,465.0,215.0,3.784998655319214
3037,529.0,231.0,4.070952415466309
3038,461.0,229.0,4.199273109436035
3047,506.0,234.0,4.149970054626465
3050,461.0,212.0,4.110803604125977
3052,478.0,205.0,3.386545419692993
3054,520.0,249.0,4.172275066375732
3055,519.0,251.0,4.300962924957275
3056,519.0,210.0,3.439678192138672
3057,484.0,229.0,4.202978134155273
3071,523.0,223.0,3.7301018238067627
3072,473.0,237.0,4.108714818954468
3073,447.0,201.0,3.1243157386779785
3077,502.0,202.0,3.205132007598877
3078,490.0,213.0,4.013451337814331
3079,472.0,218.0,3.4461281299591064
3081,477.0,206.0,3.921416759490967
3082,471.0,225.0,4.1046648025512695
3083,448.0,218.0,3.3173646926879883
3084,518.0,205.0,3.203279733657837
3085,485.0,227.0,3.9056074619293213
3087,481.0,246.0,4.0745179653167725
3088,507.0,215.0,4.021864891052246
3089,538.0,212.0,3.24566388130188
3090,528.0,234.0,3.9847331047058105
3091,539.0,242.0,4.088322162628174
3093,464.0,202.0,3.144298553466797
3094,462.0,209.0,3.18571138381958
3095,504.0,214.0,4.037585973739624
3096,468.0,233.0,3.6680476665496826
3097,506.0,202.0,3.157000780105591
3098,552.0,221.0,3.3085412979125977
3100,490.0,225.0,3.9421911239624023
3101,490.0,216.0,3.4477198123931885
3102,504.0,253.0,4.299354076385498
3105,511.0,214.0,3.724912166595459
3106,489.0,234.0,4.04904317855835
3109,466.0,223.0,4.119702100753784
3112,475.0,243.0,4.3068928718566895
3113,477.0,223.0,3.8473668098449707
3117,450.0,206.0,3.6603331565856934
3118,584.0,260.0,4.348055601119995
3119,462.0,221.0,3.6980655193328857
3120,482.0,223.0,4.074478626251221
3121,481.0,219.0,4.0130438804626465
3123,519.0,202.0,3.4891645908355713
3124,504.0,235.0,4.737080097198486
3126,508.0,202.0,3.245760679244995
3128,502.0,205.0,3.580577850341797
3131,462.0,229.0,3.9400947093963623
3133,555.0,220.0,3.983539581298828
3134,473.0,211.0,3.46305251121521
3136,492.0,208.0,3.1652517318725586
3137,523.0,211.0,4.128075361251831
3140,506.0,222.0,3.899646759033203
3142,486.0,244.0,3.8288228511810303
3143,513.0,205.0,3.3749639987945557
3145,489.0,205.0,3.859447717666626
3146,535.0,211.0,3.5634257793426514
3148,464.0,217.0,3.9094138145446777
3154,503.0,224.0,3.844573736190796
3156,545.0,258.0,4.429739236831665
3158,508.0,201.0,3.323539972305298
3159,552.0,229.0,3.7343759536743164
3161,555.0,209.0,3.334080934524536
3162,466.0,240.0,4.269659996032715
3164,527.0,196.0,3.113240957260132
3165,480.0,203.0,3.2572178840637207
3170,509.0,217.0,4.235117435455322
3171,547.0,236.0,3.9582502841949463
3175,471.0,230.0,3.6439194679260254
3177,493.0,196.0,3.2392351627349854
3182,536.0,214.0,3.385481834411621
3183,459.0,225.0,3.1816914081573486
3185,537.0,249.0,4.276959180831909
3187,458.0,303.0,5.693947792053223
3189,492.0,223.0,3.4541049003601074
3190,471.0,205.0,3.540271759033203
3191,510.0,241.0,3.682827949523926
3192,555.0,209.0,3.7871177196502686
3193,487.0,205.0,3.2898976802825928
3195,483.0,244.0,3.845592498779297
3197,502.0,210.0,3.706543445587158
3198,548.0,207.0,3.7021901607513428
3200,476.0,249.0,4.509062051773071
3202,487.0,205.0,3.731919288635254
3203,479.0,259.0,4.405512809753418
3204,535.0,265.0,4.26326060295105
3205,476.0,210.0,3.325885534286499
3209,489.0,223.0,4.1268274784088135
3210,473.0,226.0,3.7965357303619385
3211,509.0,219.0,3.507760524749756
3212,499.0,212.0,3.6231164932250977
3214,467.0,222.0,3.712360143661499
3216,483.0,228.0,3.6472082138061523
3221,509.0,210.0,3.627314567565918
3224,474.0,210.0,3.391932964324951
3225,546.0,220.0,4.173716068267822
3226,459.0,236.0,4.452646970748901
3228,503.0,221.0,3.8498542308807373
3229,494.0,215.0,3.6193575859069824
3230,524.0,203.0,3.6998167037963867
3234,487.0,229.0,4.017916202545166
3237,450.0,232.0,4.108948230743408
3238,500.0,239.0,4.503787279129028
3239,492.0,217.0,3.5184943675994873
3241,513.0,233.0,4.06395959854126
3242,493.0,236.0,4.411063194274902
3244,449.0,223.0,4.259191989898682
3248,475.0,222.0,3.9468865394592285
3249,477.0,204.0,3.345902442932129
3253,495.0,221.0,3.839911937713623
3255,496.0,189.0,3.2118093967437744
3256,533.0,238.0,4.549673080444336
3258,529.0,202.0,3.070666551589966
3261,466.0,240.0,4.355553865432739
3262,514.0,217.0,3.8146419525146484
3263,477.0,254.0,4.3816468715667725
3264,513.0,213.0,3.501657485961914
3266,494.0,206.0,3.2774739265441895
3269,467.0,207.0,3.2145144939422607
3270,511.0,224.0,3.5541651248931885
3271,458.0,236.0,3.620779275894165
3272,487.0,220.0,4.746662855148315
3275,502.0,203.0,3.5057015419006348
3276,494.0,232.0,4.123952865600586
3278,512.0,198.0,3.147132158279419
3279,489.0,253.0,3.725182056427002
3280,489.0,221.0,3.261981964111328
3282,484.0,231.0,3.7777912616729736
3283,481.0,216.0,3.5353736877441406
3287,514.0,222.0,4.067789554595947
3288,514.0,208.0,3.52180814743042
3290,415.0,200.0,3.928574800491333
3291,494.0,239.0,3.9653611183166504
3294,485.0,194.0,3.4452030658721924
3298,466.0,246.0,3.761117458343506
3299,505.0,223.0,2.934892177581787
3300,483.0,203.0,3.711904525756836
3301,513.0,217.0,3.527740478515625
3303,505.0,236.0,3.5291590690612793
3305,568.0,215.0,3.7005019187927246
3306,543.0,227.0,4.056998014450073
3309,455.0,217.0,4.313867092132568
3310,460.0,254.0,3.5136451721191406
3311,473.0,204.0,3.508368492126465
3316,527.0,216.0,3.4282047748565674
3317,537.0,238.0,3.6713428497314453
3319,518.0,219.0,3.304553985595703
3322,488.0,203.0,3.005072832107544
3323,523.0,223.0,3.2754034996032715
3326,473.0,219.0,3.707472801208496
3327,523.0,228.0,3.3947625160217285
3329,486.0,213.0,3.24222731590271
3330,531.0,210.0,3.2725093364715576
3331,479.0,204.0,3.048959732055664
3337,466.0,226.0,3.442983388900757
3339,487.0,230.0,4.158204793930054
3340,480.0,195.0,2.9074416160583496
3342,447.0,221.0,3.723647117614746
3343,488.0,213.0,3.3431568145751953
3345,491.0,244.0,3.9085772037506104
3348,550.0,257.0,4.677075147628784
3350,461.0,245.0,4.014878749847412
3351,506.0,207.0,3.203596591949463
3352,469.0,239.0,3.742656707763672
3357,533.0,241.0,3.736924409866333
3358,525.0,239.0,4.070774555206299
3360,522.0,220.0,3.499805450439453
3365,562.0,210.0,3.195627450942993
3366,482.0,238.0,3.652735710144043
3367,461.0,276.0,4.355628967285156
3372,538.0,251.0,3.937934398651123
3376,540.0,228.0,4.2658069133758545
3377,511.0,233.0,3.8039114475250244
3378,455.0,232.0,4.217227220535278
3379,498.0,247.0,3.6702089309692383
3381,490.0,239.0,3.817052125930786
3382,543.0,265.0,4.348531484603882
3384,536.0,238.0,4.741156339645386
3389,469.0,236.0,4.56058931350708
3390,458.0,243.0,5.090075492858887
3392,461.0,217.0,3.7557907104492188
3393,500.0,252.0,4.285427808761597
3394,500.0,245.0,4.093615293502808
3396,513.0,229.0,3.3800368309020996
3397,482.0,211.0,3.1677074432373047
3398,525.0,228.0,4.6410205364227295
3399,499.0,237.0,4.179785966873169
3402,549.0,240.0,4.238750219345093
3406,468.0,230.0,3.867553949356079
3407,577.0,236.0,4.544262647628784
3408,504.0,248.0,4.169835567474365
3411,471.0,250.0,3.952749013900757
3412,504.0,216.0,3.698279857635498
3414,504.0,225.0,3.7497777938842773
3417,487.0,240.0,5.604157209396362
3418,546.0,229.0,4.535068035125732
3420,474.0,219.0,3.4421939849853516
3421,490.0,243.0,3.7608158588409424
3424,463.0,240.0,4.0533363819122314
3428,457.0,276.0,3.8939292430877686
3429,461.0,217.0,3.4571211338043213
3430,495.0,230.0,3.857586622238159
3439,507.0,225.0,4.504169464111328
3441,484.0,197.0,6.392740249633789
3442,562.0,240.0,4.353488206863403
3443,468.0,208.0,3.2385661602020264
3446,521.0,205.0,3.4048478603363037
3449,511.0,206.0,4.183565855026245
3450,517.0,238.0,3.600085735321045
3452,502.0,224.0,3.9578158855438232
3454,491.0,215.0,3.4425320625305176
3455,588.0,245.0,3.5313973426818848
3456,453.0,188.0,3.2767090797424316
3457,510.0,216.0,4.454140663146973
3458,495.0,216.0,3.556318998336792
3460,546.0,240.0,4.175043344497681
3462,503.0,248.0,3.8517489433288574
3463,502.0,216.0,3.470487356185913
3464,551.0,244.0,3.8271284103393555
3465,493.0,205.0,3.195066452026367
3466,465.0,242.0,3.863321304321289
3468,478.0,206.0,3.215640068054199
3469,484.0,259.0,4.58524227142334
3471,486.0,254.0,3.7601892948150635
3473,489.0,250.0,4.0770673751831055
3474,477.0,232.0,4.390129089355469
3475,505.0,239.0,4.17368483543396
3476,489.0,207.0,3.281566858291626
3477,516.0,241.0,4.080715179443359
3479,529.0,233.0,4.2493414878845215
3480,542.0,213.0,3.6147704124450684
3481,480.0,221.0,3.341177225112915
3484,494.0,227.0,3.8468079566955566
3485,540.0,212.0,3.2061338424682617
3488,560.0,259.0,4.322415113449097
3489,480.0,212.0,3.4636950492858887
3492,503.0,242.0,4.013012886047363
3493,477.0,219.0,3.907614231109619
3500,503.0,236.0,3.926398754119873
3501,481.0,209.0,3.0940334796905518
3507,580.0,226.0,4.199346542358398
3508,477.0,207.0,3.2780091762542725
3509,496.0,280.0,5.132075548171997
3511,484.0,209.0,3.539252758026123
3517,491.0,240.0,3.6868069171905518
3518,472.0,236.0,3.7193946838378906
3520,488.0,272.0,4.733927488327026
3521,527.0,221.0,3.3964829444885254
3523,465.0,237.0,3.8651673793792725
3526,536.0,227.0,4.182631254196167
3528,543.0,231.0,3.624931812286377
3532,478.0,216.0,3.5483906269073486
3533,539.0,229.0,4.245396852493286
3535,528.0,213.0,3.116899251937866
3537,466.0,206.0,3.3052353858947754
3538,477.0,270.0,4.4270172119140625
3541,448.0,218.0,3.8302063941955566
3542,505.0,222.0,3.5417938232421875
3543,488.0,252.0,4.582470417022705
3544,564.0,228.0,3.5254433155059814
3548,471.0,258.0,4.713704347610474
3549,474.0,238.0,3.548121213912964
3550,474.0,228.0,3.8473777770996094
3552,564.0,216.0,4.019361257553101
3555,536.0,252.0,4.018218755722046
3556,485.0,228.0,3.660785436630249
3557,476.0,232.0,4.036391735076904
3559,504.0,259.0,4.633424282073975
3563,543.0,225.0,3.5442521572113037
3566,511.0,256.0,4.329481601715088
3567,558.0,216.0,3.4726104736328125
3568,442.0,223.0,3.817686080932617
3569,456.0,223.0,4.13235068321228
3570,505.0,229.0,3.5013303756713867
3574,503.0,256.0,3.7800652980804443
3575,439.0,215.0,3.6372694969177246
3576,509.0,210.0,3.915001153945923
3577,510.0,269.0,4.276967525482178
3587,457.0,215.0,3.840341806411743
3589,466.0,246.0,3.8727164268493652
3590,518.0,236.0,3.7600419521331787
3593,526.0,202.0,3.342904806137085
3594,483.0,278.0,4.863254547119141
3595,496.0,205.0,3.445452928543091
3596,513.0,241.0,3.977322816848755
3597,502.0,248.0,3.9853246212005615
3600,513.0,218.0,3.405832052230835
3603,492.0,231.0,3.695835828781128
3604,503.0,234.0,4.118410587310791
3606,529.0,208.0,3.3719818592071533
3607,493.0,239.0,4.1233766078948975
3609,493.0,240.0,3.7562546730041504
3611,521.0,207.0,3.5792815685272217
3612,530.0,215.0,3.8078508377075195
3613,455.0,236.0,4.676931381225586
3615,513.0,212.0,3.288566827774048
3618,506.0,217.0,3.5350759029388428
3620,480.0,261.0,4.040942192077637
3621,495.0,220.0,3.5899715423583984
3622,544.0,285.0,4.5862085819244385
3623,528.0,246.0,4.5470616817474365
3624,499.0,216.0,3.4262068271636963
3625,468.0,199.0,3.4690423011779785
3626,482.0,220.0,3.469078540802002
3627,454.0,203.0,3.029628276824951
3634,523.0,202.0,2.9632129669189453
3638,510.0,222.0,3.6436448097229004
3639,508.0,227.0,3.6638951301574707
3641,476.0,276.0,4.676716566085815
3643,464.0,167.0,3.4037187099456787
3646,499.0,241.0,3.9538776874542236
3650,540.0,228.0,3.5482852458953857
3651,571.0,241.0,4.393395185470581
3653,516.0,259.0,4.245431900024414
3654,537.0,238.0,3.735567331314087
3657,452.0,244.0,3.818481206893921
3660,462.0,212.0,3.2296440601348877
3664,480.0,236.0,3.5129764080047607
3665,517.0,239.0,3.811638593673706
3666,519.0,221.0,3.851931095123291
3668,505.0,236.0,4.166303634643555
3669,507.0,237.0,3.730666399002075
3671,492.0,249.0,3.99470591545105
3673,526.0,205.0,3.5474472045898438
3674,460.0,225.0,3.516582727432251
3680,477.0,233.0,4.206954002380371
3684,461.0,267.0,4.626822233200073
3687,482.0,233.0,3.625925302505493
3688,481.0,208.0,2.9185450077056885
3689,498.0,201.0,2.8762457370758057
3690,485.0,231.0,3.721672296524048
3691,463.0,251.0,4.05157470703125
3693,513.0,243.0,3.7250428199768066
3694,462.0,207.0,3.6228134632110596
3695,495.0,221.0,3.4065418243408203
3696,556.0,215.0,3.8544554710388184
3698,479.0,244.0,4.183107614517212
3699,468.0,195.0,3.3632071018218994
3700,495.0,229.0,3.518136978149414
3701,501.0,248.0,4.220019578933716
3702,542.0,188.0,3.5102622509002686
3704,520.0,215.0,3.20969557762146
3705,485.0,236.0,3.974625825881958
3708,528.0,232.0,4.060535669326782
3711,527.0,224.0,4.028677463531494
3712,483.0,208.0,3.0276994705200195
3714,522.0,254.0,4.1681389808654785
3715,486.0,193.0,3.3395044803619385
3716,466.0,212.0,3.560429334640503
3718,458.0,201.0,3.3043856620788574
3719,482.0,201.0,3.4387340545654297
3722,472.0,235.0,3.9212276935577393
3725,456.0,227.0,3.480271816253662
3726,523.0,212.0,3.488755464553833
3727,506.0,264.0,4.740699052810669
3728,490.0,218.0,3.9845030307769775
3729,582.0,227.0,4.083143949508667
3733,530.0,236.0,4.288910388946533
3734,475.0,207.0,3.2524664402008057
3736,509.0,199.0,3.220407247543335
3737,478.0,219.0,3.7981317043304443
3738,506.0,216.0,3.3264119625091553
3742,506.0,203.0,4.207038879394531
3744,485.0,199.0,3.217319965362549
3745,503.0,228.0,3.9166626930236816
3746,490.0,221.0,3.8257150650024414
3750,480.0,211.0,3.4600868225097656
3751,483.0,222.0,3.8075740337371826
3752,474.0,236.0,4.562007665634155
3755,523.0,245.0,4.66880202293396
3756,476.0,252.0,4.072492837905884
3758,485.0,212.0,3.234778881072998
3759,467.0,234.0,3.8696343898773193
3760,528.0,223.0,4.170652866363525
3761,489.0,224.0,3.8004953861236572
3766,459.0,235.0,3.901003360748291
3769,516.0,204.0,3.198277473449707
3770,492.0,218.0,3.2811501026153564
3772,500.0,229.0,3.711878776550293
3774,521.0,210.0,3.267047166824341
3776,511.0,210.0,3.2552928924560547
3777,496.0,230.0,3.5947296619415283
3778,491.0,215.0,4.216958045959473
3781,484.0,213.0,3.455373525619507
3782,496.0,200.0,3.14424991607666
3784,519.0,235.0,4.39660120010376
3786,498.0,210.0,3.0443263053894043
3789,481.0,213.0,3.750098943710327
3790,458.0,216.0,3.212573289871216
3793,470.0,239.0,3.8329498767852783
3795,469.0,210.0,3.1795589923858643
3797,498.0,208.0,3.8892343044281006
3798,501.0,215.0,3.3841147422790527
3799,508.0,244.0,3.843240976333618
3801,482.0,252.0,4.331970453262329
3804,533.0,229.0,4.675617456436157
3806,543.0,219.0,3.785381555557251
3809,468.0,202.0,3.4540481567382812
3810,466.0,229.0,3.8385465145111084
3811,537.0,234.0,3.6703639030456543
3812,470.0,230.0,3.6573562622070312
3814,454.0,240.0,3.9395029544830322
3815,515.0,226.0,3.501528263092041
3816,531.0,202.0,2.9562013149261475
3817,454.0,210.0,3.166545867919922
3820,498.0,218.0,3.0275955200195312
3822,511.0,281.0,4.710137844085693
3827,551.0,247.0,3.6085588932037354
3832,531.0,258.0,4.430096864700317
3833,442.0,202.0,3.0997631549835205
3834,499.0,201.0,3.813985586166382
3835,500.0,269.0,4.752573251724243
3839,526.0,275.0,4.572183132171631
3842,505.0,216.0,3.7117249965667725
3843,512.0,223.0,3.456132173538208
3844,493.0,227.0,3.756223678588867
3845,463.0,229.0,4.336409091949463
3846,541.0,218.0,3.5341315269470215
3847,462.0,225.0,3.682961940765381
3848,538.0,254.0,3.9726030826568604
3849,508.0,207.0,2.917132616043091
3850,494.0,219.0,3.7969067096710205
3853,506.0,219.0,3.8651201725006104
3854,517.0,206.0,3.533796787261963
3857,525.0,219.0,4.147219181060791
3859,505.0,239.0,3.9714601039886475
3862,535.0,212.0,3.691704511642456
3864,504.0,236.0,5.443895101547241
3865,496.0,253.0,3.950761556625366
3867,515.0,227.0,3.9148013591766357
3868,473.0,238.0,4.103784799575806
3871,468.0,192.0,3.00830078125
3873,518.0,237.0,3.7058210372924805
3874,490.0,233.0,3.657404899597168
3875,471.0,219.0,3.7645034790039062
3877,494.0,249.0,4.501121759414673
3878,490.0,220.0,3.494904041290283
3879,474.0,243.0,3.865811824798584
3880,495.0,239.0,4.572321891784668
3881,466.0,207.0,3.207102060317993
3882,442.0,202.0,3.210176706314087
3884,490.0,222.0,3.9136040210723877
3885,599.0,245.0,4.3817455768585205
3887,514.0,194.0,3.047194480895996
3891,490.0,208.0,3.1206772327423096
3893,469.0,214.0,3.233759880065918
3894,473.0,200.0,3.0287132263183594
3895,530.0,234.0,3.3756206035614014
3896,473.0,232.0,4.15528678894043
3897,493.0,233.0,4.106592416763306
3898,468.0,232.0,3.6247687339782715
3899,482.0,208.0,3.3000147342681885
3900,494.0,263.0,4.254552364349365
3903,503.0,241.0,3.649789571762085
3907,515.0,233.0,4.393587827682495
3908,487.0,252.0,4.323652029037476
3912,535.0,245.0,4.067742347717285
3913,570.0,234.0,3.5696187019348145
3914,497.0,230.0,4.117105722427368
3915,522.0,201.0,3.0612142086029053
3916,497.0,223.0,3.427170991897583
3917,475.0,219.0,3.2561886310577393
3918,478.0,217.0,3.279813051223755
3920,450.0,209.0,4.245486497879028
3921,503.0,220.0,3.6893086433410645
3922,485.0,288.0,4.4700305461883545
3923,498.0,224.0,3.8764753341674805
3924,491.0,203.0,5.0001220703125
3926,478.0,218.0,3.6076273918151855
3927,543.0,236.0,3.813642740249634
3929,521.0,214.0,3.9343249797821045
3930,542.0,217.0,3.913623094558716
3931,535.0,231.0,3.55527400970459
3932,522.0,209.0,3.4208080768585205
3933,519.0,199.0,3.1378393173217773
3936,551.0,252.0,4.391592025756836
3938,495.0,216.0,3.410006523132324
3940,526.0,238.0,4.217231035232544
3941,495.0,203.0,3.373159170150757
3943,499.0,223.0,3.4936113357543945
3944,508.0,243.0,4.153314113616943
3945,456.0,204.0,2.9735805988311768
3946,523.0,209.0,3.586113452911377
3948,493.0,225.0,3.643101453781128
3949,475.0,228.0,3.28326153755188
3951,498.0,249.0,3.9856836795806885
3953,559.0,225.0,3.582455635070801
3954,516.0,236.0,3.9092986583709717
3955,521.0,233.0,4.073827028274536
3959,477.0,252.0,4.0841522216796875
3960,492.0,240.0,3.50004243850708
3962,453.0,215.0,3.783780574798584
3964,471.0,220.0,3.0941038131713867
3965,510.0,222.0,3.3272957801818848
3967,529.0,219.0,3.595015287399292
3969,502.0,231.0,3.4931979179382324
3972,524.0,227.0,3.4570319652557373
3973,536.0,245.0,3.8677165508270264
3977,514.0,272.0,3.990161418914795
3981,520.0,214.0,3.798612594604492
3982,519.0,221.0,3.1416120529174805
3986,471.0,212.0,3.4798583984375
3990,458.0,211.0,3.1521999835968018
3993,492.0,245.0,4.270586013793945
3994,495.0,214.0,3.555813789367676
3995,537.0,224.0,3.5776469707489014
3996,525.0,229.0,3.7340407371520996
3997,536.0,242.0,3.5813536643981934
3999,571.0,246.0,3.6995484828948975
4000,478.0,234.0,3.550258159637451
4001,498.0,265.0,4.17503547668457
4002,543.0,217.0,3.299772024154663
4004,485.0,214.0,3.5549862384796143
4005,505.0,223.0,3.821434497833252
4007,463.0,220.0,2.9712412357330322
4008,483.0,232.0,3.986116647720337
4009,508.0,245.0,4.2286787033081055
4011,486.0,246.0,3.7074241638183594
4013,507.0,253.0,3.719057321548462
4015,479.0,214.0,3.7449021339416504
4016,472.0,253.0,4.275296449661255
4017,526.0,216.0,3.203728199005127
4018,512.0,247.0,4.481137275695801
4019,528.0,248.0,4.712900161743164
4021,549.0,242.0,3.8278515338897705
4022,486.0,289.0,5.145829439163208
4024,462.0,222.0,3.7551121711730957
4026,562.0,209.0,3.0897233486175537
4027,527.0,282.0,4.427553415298462
4028,501.0,265.0,3.880949020385742
4029,477.0,240.0,3.8991754055023193
4030,489.0,224.0,3.3537187576293945
4031,485.0,264.0,3.7924623489379883
4032,462.0,228.0,3.3859241008758545
4033,472.0,235.0,3.6512835025787354
4035,535.0,219.0,3.4413392543792725
4036,464.0,245.0,3.707444667816162
4038,475.0,248.0,4.191237688064575
4040,460.0,227.0,3.610050678253174
4041,504.0,214.0,3.5022056102752686
4043,487.0,206.0,3.554380178451538
4044,462.0,222.0,3.1583123207092285
4046,551.0,239.0,3.7347962856292725
4047,487.0,219.0,3.3112337589263916
4048,517.0,230.0,3.6529884338378906
4049,475.0,248.0,4.110003232955933
4050,501.0,210.0,3.461778402328491
4051,501.0,231.0,3.908928155899048
4052,531.0,278.0,4.542363882064819
4054,448.0,213.0,2.998563766479492
4056,491.0,233.0,3.5560102462768555
4057,443.0,222.0,3.0254383087158203
4058,487.0,239.0,3.955353260040283
4063,486.0,219.0,3.3500165939331055
4066,484.0,248.0,4.095861434936523
4067,456.0,235.0,3.7197062969207764
4068,500.0,232.0,3.6491880416870117
4070,497.0,206.0,3.0548160076141357
4072,513.0,207.0,3.12733793258667
4076,514.0,238.0,4.031873464584351
4077,444.0,214.0,3.0220839977264404
4080,495.0,258.0,4.137166500091553
4081,477.0,210.0,3.049241304397583
4083,466.0,243.0,3.9301257133483887
4084,520.0,216.0,3.382412910461426
4086,477.0,242.0,3.7065000534057617
4088,530.0,263.0,4.343027830123901
4090,466.0,210.0,3.469200849533081
4091,479.0,223.0,3.2847964763641357
4094,550.0,221.0,3.565098524093628
4100,501.0,231.0,3.686389207839966
4104,481.0,253.0,3.614687442779541
4106,489.0,251.0,3.89888334274292
4107,474.0,224.0,3.299443244934082
4109,479.0,221.0,3.5627520084381104
4110,513.0,235.0,3.8900535106658936
4111,477.0,255.0,3.7289016246795654
4112,501.0,240.0,3.5260908603668213
4115,468.0,220.0,3.1169331073760986
4116,496.0,164.0,2.759927988052368
4117,471.0,244.0,3.5768816471099854
4118,477.0,254.0,3.9705698490142822
4122,511.0,200.0,2.8240160942077637
4123,520.0,208.0,3.170149564743042
4129,530.0,207.0,4.24980092048645
4133,479.0,223.0,4.036966323852539
4134,483.0,234.0,4.334097146987915
4135,536.0,194.0,3.360694408416748
4137,503.0,229.0,3.4772963523864746
4138,490.0,209.0,4.024735689163208
4139,487.0,239.0,4.028998136520386
4140,522.0,206.0,3.1953470706939697
4141,537.0,224.0,3.3050951957702637
4142,549.0,210.0,3.1634392738342285
4148,497.0,251.0,4.915808916091919
4149,460.0,245.0,4.039145469665527
4150,462.0,200.0,3.136319637298584
4151,469.0,218.0,4.269898176193237
4153,476.0,201.0,3.0280275344848633
4154,551.0,230.0,3.808227300643921
4155,516.0,231.0,3.3359711170196533
4158,506.0,221.0,3.254971504211426
4159,545.0,224.0,3.912431240081787
4160,509.0,274.0,4.571554660797119
4161,497.0,236.0,4.122004508972168
4163,567.0,331.0,4.882235765457153
4164,460.0,228.0,3.7444822788238525
4167,464.0,224.0,4.072782039642334
4168,499.0,198.0,3.2042343616485596
4169,484.0,215.0,3.585263252258301
4171,490.0,214.0,3.736126184463501
4176,471.0,273.0,3.951795816421509
4178,491.0,207.0,3.734208345413208
4179,480.0,233.0,4.168064832687378
4180,468.0,219.0,3.3547582626342773
4181,548.0,219.0,3.153780221939087
4182,518.0,227.0,3.636521577835083
4183,459.0,242.0,3.974100112915039
4184,488.0,216.0,2.8469362258911133
4186,498.0,247.0,4.203284502029419
4189,527.0,230.0,3.4605298042297363
4190,499.0,219.0,3.698089838027954
4193,475.0,283.0,4.253418922424316
4195,489.0,247.0,3.5060842037200928
4196,518.0,256.0,4.2452802658081055
4198,481.0,241.0,4.214070796966553
4201,569.0,228.0,3.964686632156372
4202,528.0,242.0,3.9599263668060303
4203,470.0,202.0,3.0147457122802734
4204,551.0,250.0,4.1977012157440186
4206,471.0,167.0,2.7358460426330566
4208,488.0,216.0,3.527214527130127
4209,536.0,219.0,3.5904996395111084
4210,472.0,225.0,3.0127174854278564
4211,525.0,227.0,3.397517442703247
4212,481.0,256.0,3.751631736755371
4213,520.0,199.0,3.0363426208496094
4214,517.0,232.0,3.728403329849243
4216,486.0,206.0,3.4285378456115723
4217,551.0,238.0,3.799964666366577
4222,487.0,216.0,3.3513596057891846
4223,501.0,211.0,3.831285238265991
4224,480.0,236.0,3.907909870147705
4225,481.0,257.0,3.793890953063965
4227,471.0,207.0,3.359113931655884
4228,544.0,205.0,3.597245693206787
4231,502.0,200.0,3.2703564167022705
4233,496.0,222.0,3.3972272872924805
4234,475.0,207.0,3.2789080142974854
4235,487.0,243.0,4.095198154449463
4236,491.0,214.0,3.2363831996917725
4237,469.0,252.0,3.6378626823425293
4240,477.0,212.0,3.012054920196533
4242,470.0,237.0,3.7416722774505615
4243,453.0,235.0,3.8523170948028564
4244,542.0,229.0,3.917872190475464
4246,542.0,243.0,4.279709815979004
4247,520.0,262.0,4.44687032699585
4249,445.0,212.0,3.357278347015381
4252,499.0,221.0,3.3714983463287354
4253,500.0,253.0,4.149494409561157
4254,477.0,253.0,4.145576238632202
4255,521.0,218.0,3.762559413909912
4257,457.0,224.0,3.5876495838165283
4259,503.0,247.0,4.149883270263672
4260,525.0,227.0,4.021944284439087
4261,578.0,231.0,4.3096466064453125
4262,448.0,218.0,3.317725419998169
4263,476.0,160.0,2.9649879932403564
4265,462.0,205.0,3.22713565826416
4266,465.0,226.0,3.755520820617676
4267,487.0,243.0,5.905903577804565
4268,552.0,220.0,3.815382480621338
4271,526.0,223.0,3.9553117752075195
4272,460.0,239.0,4.400925874710083
4273,515.0,200.0,3.130279302597046
4274,488.0,201.0,3.308349847793579
4278,482.0,248.0,4.3566038608551025
4279,493.0,220.0,4.117915153503418
4280,494.0,216.0,3.9212660789489746
4281,471.0,254.0,3.892634630203247
4283,511.0,243.0,4.081686735153198
4285,554.0,229.0,3.736403226852417
4286,539.0,245.0,3.8812015056610107
4287,502.0,207.0,3.475419521331787
4288,483.0,290.0,5.2589240074157715
4291,555.0,208.0,3.714892625808716
4293,467.0,246.0,4.07166600227356
4294,514.0,203.0,3.191213846206665
4295,508.0,232.0,4.447879791259766
4296,465.0,215.0,3.6074633598327637
4297,479.0,244.0,3.6372218132019043
4298,512.0,209.0,3.0757620334625244
4299,532.0,227.0,3.707657814025879
4300,538.0,210.0,3.146186351776123
4302,493.0,230.0,3.770763635635376
4306,514.0,253.0,3.9239771366119385
4307,466.0,239.0,3.9193856716156006
4309,492.0,233.0,3.5766353607177734
4310,497.0,234.0,3.996394395828247
4311,474.0,198.0,3.0875251293182373
4313,480.0,220.0,3.036332368850708
4316,545.0,260.0,3.9826836585998535
4317,504.0,208.0,3.1750190258026123
4318,476.0,266.0,3.8324756622314453
4319,572.0,235.0,4.251060962677002
4320,470.0,256.0,4.52063250541687
4321,497.0,203.0,3.103323459625244
4322,446.0,209.0,3.405764102935791
4323,519.0,207.0,3.963251829147339
4324,470.0,222.0,3.234954833984375
4325,472.0,206.0,3.654517889022827
4327,508.0,217.0,3.4697768688201904
4328,474.0,222.0,3.42030668258667
4329,467.0,213.0,3.1107232570648193
4330,502.0,257.0,4.353678464889526
4331,446.0,197.0,3.007424831390381
4332,508.0,208.0,3.458984851837158
4333,542.0,259.0,3.289156198501587
4336,475.0,216.0,3.7163028717041016
4337,481.0,228.0,3.889162063598633
4338,556.0,227.0,3.8564884662628174
4339,481.0,242.0,4.261641979217529
4340,493.0,219.0,4.003413438796997
4341,536.0,246.0,3.8701858520507812
4345,490.0,223.0,3.463697671890259
4346,470.0,237.0,3.690476417541504
4347,466.0,242.0,3.7599234580993652
4349,493.0,240.0,3.7512621879577637
4350,530.0,218.0,3.8949379920959473
4352,517.0,225.0,3.6250782012939453
4354,566.0,247.0,3.8467156887054443
4355,476.0,217.0,3.850106716156006
4356,547.0,219.0,3.046553134918213
4358,509.0,218.0,3.310807704925537
4359,444.0,231.0,4.017740964889526
4361,471.0,208.0,3.1305787563323975
4363,499.0,233.0,4.011094093322754
4364,455.0,219.0,3.3846752643585205
4365,507.0,233.0,3.3650457859039307
4366,513.0,218.0,3.2580370903015137
4367,499.0,243.0,4.284338712692261
4368,476.0,229.0,3.590391159057617
4370,482.0,209.0,3.432323694229126
4372,481.0,256.0,3.616326093673706
4373,495.0,259.0,4.25924277305603
4374,475.0,171.0,2.912966012954712
4376,514.0,254.0,4.34509539604187
4377,478.0,244.0,4.519765853881836
4379,478.0,239.0,3.4492814540863037
4381,522.0,246.0,3.81630802154541
4382,441.0,246.0,3.8194398880004883
4383,471.0,220.0,3.580368757247925
4386,453.0,206.0,3.3877806663513184
4388,495.0,250.0,4.196208477020264
4392,462.0,221.0,3.6615946292877197
4394,513.0,208.0,3.1306328773498535
4398,554.0,258.0,4.110736608505249
4399,510.0,243.0,4.144116163253784
4402,526.0,206.0,2.915536880493164
4406,478.0,219.0,3.3340904712677
4409,541.0,221.0,3.4610984325408936
4410,505.0,287.0,3.8911633491516113
4413,482.0,247.0,3.6274921894073486
4418,458.0,224.0,3.377722978591919
4419,556.0,277.0,4.007305145263672
4421,491.0,198.0,3.0855894088745117
4422,493.0,226.0,3.0448381900787354
4423,573.0,230.0,3.463585615158081
4425,501.0,255.0,3.86752986907959
4428,479.0,211.0,3.1826603412628174
4433,495.0,248.0,3.452044725418091
4434,434.0,221.0,3.528442859649658
4436,510.0,242.0,3.3344032764434814
4437,498.0,238.0,3.2032623291015625
4438,483.0,264.0,3.5697784423828125
4439,488.0,216.0,2.985771417617798
4441,466.0,235.0,3.4793131351470947
4442,541.0,235.0,3.238694429397583
4443,533.0,251.0,4.524548530578613
4444,472.0,250.0,4.257420539855957
4445,516.0,219.0,3.5975589752197266
4451,458.0,210.0,3.024683952331543
4453,540.0,213.0,2.9302046298980713
4454,501.0,234.0,3.366002082824707
4455,459.0,240.0,3.6645236015319824
4456,501.0,232.0,3.5633249282836914
4461,503.0,230.0,3.88850474357605
4464,490.0,223.0,3.1095478534698486
4465,494.0,218.0,3.365738868713379
4468,525.0,235.0,3.7903034687042236
4472,509.0,258.0,4.105740070343018
4474,556.0,219.0,3.2937190532684326
4478,527.0,233.0,4.09337306022644
4481,462.0,213.0,3.208080291748047
4482,502.0,233.0,3.7904396057128906
4483,507.0,239.0,3.7115678787231445
4484,483.0,237.0,3.665320873260498
4485,496.0,217.0,3.1033473014831543
4486,525.0,210.0,2.970452308654785
4488,484.0,222.0,3.5577402114868164
4489,490.0,217.0,3.2740790843963623
4491,480.0,251.0,3.921309471130371
4492,472.0,201.0,3.2641284465789795
4496,462.0,272.0,3.928319215774536
4498,484.0,238.0,3.3941328525543213
4501,498.0,220.0,3.677405834197998
4503,503.0,229.0,3.5087146759033203
4506,489.0,215.0,3.0519521236419678
4507,459.0,262.0,4.258888006210327
4510,479.0,224.0,2.991300582885742
4512,488.0,203.0,2.6934797763824463
4516,492.0,207.0,4.118788957595825
4517,554.0,236.0,3.1993069648742676
4520,484.0,239.0,4.036573886871338
4521,458.0,248.0,3.8920695781707764
4522,497.0,227.0,3.5625650882720947
4523,486.0,224.0,3.405968427658081
4525,474.0,199.0,3.4303431510925293
4526,461.0,215.0,3.4803953170776367
4528,474.0,254.0,4.631980895996094
4529,472.0,249.0,3.9264843463897705
4530,476.0,210.0,2.999011516571045
4531,552.0,211.0,2.997732162475586
4533,519.0,246.0,3.9344286918640137
4538,491.0,208.0,3.1665728092193604
4539,474.0,221.0,3.975499391555786
4540,481.0,229.0,3.7218048572540283
4547,454.0,241.0,3.556786298751831
4548,533.0,233.0,3.782029151916504
4550,484.0,221.0,3.7374119758605957
4551,512.0,219.0,3.5573174953460693
4553,499.0,271.0,4.159682750701904
4554,512.0,217.0,3.7379183769226074
4556,468.0,195.0,2.6240622997283936
4557,490.0,231.0,3.5393145084381104
4558,468.0,222.0,3.782085418701172
4559,485.0,228.0,3.692978858947754
4560,528.0,201.0,3.069652557373047
4561,510.0,222.0,3.7617974281311035
4562,468.0,205.0,3.1292786598205566
4564,499.0,208.0,3.21045184135437
4566,495.0,224.0,3.6270911693573
4567,508.0,209.0,2.934528112411499
4568,526.0,250.0,4.242715358734131
4569,490.0,228.0,3.748155355453491
4572,504.0,213.0,3.807595729827881
4573,456.0,201.0,3.1784582138061523
4574,480.0,281.0,4.579576253890991
4575,502.0,204.0,2.94447660446167
4577,458.0,235.0,3.7085630893707275
4578,519.0,247.0,3.7902607917785645
4581,529.0,210.0,3.248342990875244
4582,474.0,233.0,3.9596967697143555
4585,476.0,273.0,4.98664116859436
4587,489.0,235.0,3.7898261547088623
4588,453.0,224.0,3.325197458267212
4591,485.0,209.0,3.165309190750122
4593,532.0,249.0,4.173901081085205
4598,505.0,231.0,3.57305645942688
4601,459.0,200.0,3.1091132164001465
4604,447.0,220.0,3.4323275089263916
4605,511.0,196.0,3.1142678260803223
4609,493.0,227.0,4.108004093170166
4611,476.0,242.0,3.8778724670410156
4612,513.0,205.0,2.866446018218994
4614,497.0,225.0,3.742460250854492
4615,546.0,253.0,3.8597283363342285
4616,559.0,191.0,3.1166412830352783
4617,573.0,236.0,3.992091655731201
4618,502.0,194.0,3.221804618835449
4620,519.0,226.0,3.6457438468933105
4622,457.0,215.0,3.216648817062378
4624,540.0,204.0,2.7594892978668213
4628,498.0,218.0,3.874021053314209
4632,552.0,229.0,3.33205509185791
4633,517.0,208.0,3.0075504779815674
4635,467.0,246.0,4.2953550815582275
4639,499.0,223.0,3.6520276069641113
4642,495.0,234.0,3.736191511154175
4644,520.0,210.0,2.9926657676696777
4645,478.0,210.0,3.7296829223632812
4646,455.0,208.0,3.078425884246826
4653,516.0,231.0,4.534444808959961
4657,518.0,234.0,3.36698055267334
4659,480.0,207.0,3.1153903007507324
4661,476.0,221.0,3.411564826965332
4663,452.0,197.0,3.1198954582214355
4665,466.0,263.0,3.8287761211395264
4667,570.0,254.0,4.175157785415649
4668,570.0,251.0,3.489994525909424
4669,544.0,264.0,4.007126808166504
4675,471.0,194.0,3.128321409225464
4676,469.0,216.0,3.3346970081329346
4677,501.0,230.0,3.5515570640563965
4678,475.0,212.0,3.1932384967803955
4679,466.0,223.0,3.254850149154663
4681,470.0,256.0,3.7661006450653076
4682,560.0,255.0,4.698496103286743
4684,510.0,216.0,3.773682117462158
4685,528.0,217.0,3.1302196979522705
4686,501.0,220.0,2.7955470085144043
4687,486.0,264.0,3.664459705352783
4688,535.0,201.0,3.2207696437835693
4690,487.0,205.0,2.809603452682495
4692,513.0,220.0,3.1636264324188232
4694,499.0,275.0,4.280912399291992
4695,480.0,234.0,3.8106820583343506
4696,481.0,213.0,3.4680778980255127
4698,537.0,210.0,3.196134328842163
4699,511.0,235.0,3.629096508026123
4703,541.0,211.0,3.14052677154541
4704,457.0,201.0,2.714618682861328
4707,477.0,243.0,4.130029201507568
4708,505.0,204.0,3.4176676273345947
4709,466.0,267.0,3.6746246814727783
4710,536.0,235.0,3.768458366394043
4711,460.0,263.0,3.813079833984375
4712,515.0,209.0,3.150371789932251
4713,493.0,242.0,4.147681713104248
4714,476.0,227.0,3.501904249191284
4716,510.0,263.0,3.9167938232421875
4717,515.0,199.0,3.1712493896484375
4719,500.0,244.0,3.669086456298828
4720,492.0,237.0,3.6703686714172363
4722,487.0,262.0,4.11869478225708
4723,477.0,221.0,3.727437973022461
4725,458.0,218.0,3.378570795059204
4726,487.0,213.0,3.363818883895874
4727,498.0,222.0,2.9886512756347656
4728,434.0,217.0,2.8934171199798584
4729,473.0,223.0,3.397831916809082
4730,480.0,232.0,2.8998360633850098
4731,472.0,252.0,4.2686803340911865
4733,466.0,218.0,2.8253402709960938
4734,542.0,203.0,2.910170078277588
4735,497.0,210.0,2.559835433959961
4736,453.0,211.0,3.0851709842681885
4737,483.0,240.0,3.765805244445801
4738,474.0,243.0,3.3213040828704834
4740,515.0,212.0,3.2036824226379395
4741,526.0,223.0,3.11847186088562
4742,476.0,243.0,3.490070343017578
4743,479.0,202.0,3.147242784500122
4744,484.0,237.0,3.3825864791870117
4747,469.0,250.0,3.3666932582855225
4748,448.0,222.0,3.311494827270508
4749,502.0,246.0,4.303452491760254
4751,534.0,203.0,3.1454529762268066
4752,470.0,218.0,3.099246025085449
4754,462.0,197.0,2.9502296447753906
4755,464.0,224.0,3.5572891235351562
4757,491.0,195.0,3.2307815551757812
4758,504.0,209.0,3.359158992767334
4761,476.0,228.0,3.4452321529388428
4763,516.0,254.0,4.174410104751587
4764,511.0,201.0,3.401127815246582
4765,485.0,201.0,2.595536470413208
4766,533.0,222.0,3.1623077392578125
4767,483.0,218.0,3.9294800758361816
4768,512.0,240.0,3.557770013809204
4769,523.0,261.0,3.805447816848755
4770,479.0,218.0,3.2475361824035645
4771,460.0,209.0,2.7487740516662598
4776,571.0,243.0,3.5322723388671875
4777,443.0,214.0,2.441540241241455
4778,452.0,223.0,2.906158208847046
4779,511.0,223.0,3.150761604309082
4780,481.0,231.0,3.892681360244751
4781,544.0,235.0,3.120565414428711
4783,473.0,257.0,3.554276943206787
4787,489.0,250.0,3.463897466659546
4788,489.0,235.0,3.2268216609954834
4790,491.0,249.0,3.523674726486206
4793,558.0,248.0,3.345404624938965
4795,528.0,232.0,3.2262966632843018
4796,493.0,231.0,3.144059181213379
4798,469.0,237.0,3.3350741863250732
4799,493.0,216.0,3.017148733139038
4800,563.0,229.0,2.9682068824768066
4804,513.0,209.0,2.8817102909088135
4805,546.0,249.0,3.1106667518615723
4811,528.0,231.0,3.043327808380127
4812,477.0,204.0,2.6376898288726807
4814,472.0,206.0,1.9647870063781738
4820,480.0,214.0,3.048382520675659
4821,484.0,223.0,3.473586320877075
4826,524.0,233.0,2.7988574504852295
4827,495.0,235.0,3.226445198059082
4831,477.0,236.0,3.3639228343963623
4832,494.0,195.0,2.529301166534424
4833,473.0,226.0,3.180253744125366
4837,464.0,215.0,2.7436788082122803
4838,490.0,236.0,3.2289998531341553
4839,484.0,237.0,3.316945791244507
4843,514.0,217.0,3.1306138038635254
4847,566.0,244.0,3.573864221572876
4848,464.0,231.0,3.3519816398620605
4851,466.0,215.0,3.2390434741973877
4853,544.0,262.0,3.6107661724090576
4854,463.0,205.0,2.915361166000366
4858,538.0,208.0,3.0372366905212402
4859,494.0,228.0,3.212440252304077
4860,513.0,230.0,3.3647067546844482
4863,479.0,209.0,2.8481147289276123
4865,500.0,210.0,3.313382625579834
4867,504.0,219.0,2.9365994930267334
4868,461.0,208.0,3.0472118854522705
4870,489.0,213.0,3.2298812866210938
4874,477.0,216.0,2.980665922164917
4876,544.0,205.0,3.028498888015747
4877,497.0,229.0,3.100466012954712
4881,485.0,236.0,3.3375306129455566
4882,516.0,220.0,3.4714436531066895
4883,481.0,233.0,3.337761878967285
4885,557.0,235.0,3.3145217895507812
4887,455.0,246.0,2.9791276454925537
4888,474.0,201.0,3.069418430328369
4889,499.0,215.0,2.7047910690307617
4891,537.0,245.0,3.3063695430755615
4892,516.0,199.0,2.9354429244995117
4893,554.0,219.0,3.5528836250305176
4894,524.0,220.0,3.1393723487854004
4895,475.0,222.0,2.8936407566070557
4896,465.0,264.0,3.6456992626190186
4898,507.0,226.0,2.597398281097412
4899,469.0,204.0,2.825167655944824
4900,509.0,251.0,3.3502299785614014
4902,468.0,216.0,3.067342758178711
4903,452.0,231.0,2.7152321338653564
4905,492.0,212.0,3.5944771766662598
4908,477.0,246.0,3.5565345287323
4909,544.0,244.0,3.624619245529175
4912,467.0,203.0,3.1238608360290527
4913,488.0,211.0,2.9519481658935547
4914,581.0,239.0,4.082818031311035
4918,503.0,206.0,3.1596453189849854
4921,505.0,211.0,3.3430819511413574
4922,498.0,220.0,2.8752222061157227
4923,499.0,209.0,2.970160722732544
4925,545.0,235.0,3.028759717941284
4927,507.0,211.0,2.80436110496521
4928,532.0,221.0,3.177915096282959
4930,487.0,228.0,3.3325459957122803
4931,486.0,246.0,3.354689598083496
4932,475.0,207.0,2.0948426723480225
4934,502.0,215.0,2.775308132171631
4935,489.0,226.0,3.6427011489868164
4936,454.0,218.0,2.951035261154175
4942,481.0,221.0,3.6204586029052734
4943,554.0,232.0,3.201855421066284
4944,476.0,245.0,3.813598871231079
4945,482.0,228.0,3.5807948112487793
4946,470.0,227.0,3.444380283355713
4949,480.0,242.0,4.069857835769653
4951,463.0,232.0,3.4347856044769287
4952,498.0,226.0,3.340386390686035
4953,483.0,216.0,2.6996145248413086
4954,511.0,229.0,3.3891260623931885
4955,497.0,251.0,2.9950737953186035
4956,486.0,224.0,3.044721841812134
4958,526.0,226.0,2.9896581172943115
4959,468.0,261.0,3.767831325531006
4960,451.0,221.0,3.5068697929382324
4961,499.0,209.0,2.6468350887298584
4963,488.0,235.0,3.3711726665496826
4965,537.0,241.0,3.7488019466400146
4968,494.0,233.0,3.2394826412200928
4973,564.0,224.0,3.297320604324341
4975,517.0,200.0,2.809432029724121
4976,501.0,215.0,3.360814094543457
4979,463.0,231.0,3.0034501552581787
4980,489.0,250.0,3.4462974071502686
4981,541.0,217.0,3.181407928466797
4982,545.0,231.0,3.191088914871216
4984,514.0,219.0,3.090625286102295
4985,543.0,243.0,3.7276813983917236
4987,473.0,211.0,3.416646718978882
4989,499.0,218.0,4.244110584259033
4990,439.0,233.0,5.009430646896362
4994,484.0,237.0,4.215348482131958
4995,490.0,205.0,2.8028156757354736
4997,454.0,204.0,4.00710391998291
5002,582.0,250.0,2.7867252826690674
5004,445.0,225.0,2.015529155731201
5006,491.0,231.0,3.736076593399048
5008,484.0,210.0,2.845226764678955
5009,517.0,234.0,3.5687999725341797
5010,504.0,243.0,2.214184045791626
5011,450.0,247.0,2.403629779815674
5012,468.0,217.0,2.881810188293457
5013,562.0,242.0,4.268508195877075
5018,493.0,198.0,2.481854200363159
5019,493.0,252.0,3.383173942565918
5021,556.0,214.0,3.562323808670044
5023,487.0,215.0,3.18275785446167
5024,500.0,238.0,4.23901629447937
5027,542.0,215.0,1.934993028640747
5029,451.0,239.0,3.38330340385437
5031,454.0,219.0,2.287255048751831
5032,503.0,237.0,3.3631181716918945
5033,507.0,235.0,2.9782114028930664
5034,503.0,243.0,3.2260963916778564
5035,484.0,236.0,4.548569440841675
5038,522.0,218.0,3.3517608642578125
5040,518.0,213.0,3.154555320739746
5041,458.0,211.0,2.9886364936828613
5042,514.0,237.0,3.680912971496582
5044,451.0,224.0,3.5429069995880127
5046,559.0,234.0,3.947978973388672
5047,500.0,233.0,3.4624600410461426
5049,472.0,205.0,2.8475301265716553
5050,453.0,212.0,2.621680736541748
5051,467.0,224.0,2.9933996200561523
5052,482.0,195.0,3.050252914428711
5053,496.0,176.0,2.697255849838257
5054,507.0,215.0,3.046189308166504
5055,494.0,226.0,3.4480865001678467
5056,500.0,237.0,3.285093069076538
5057,552.0,227.0,3.2583744525909424
5059,479.0,220.0,3.45599102973938
5061,490.0,257.0,4.011551380157471
5065,486.0,211.0,3.0674149990081787
5067,468.0,214.0,3.208272933959961
5068,572.0,226.0,2.8842532634735107
5069,481.0,247.0,3.5367767810821533
5070,538.0,218.0,3.393092155456543
5071,527.0,245.0,3.5358009338378906
5072,552.0,231.0,3.4984097480773926
5073,469.0,223.0,3.2130990028381348
5074,549.0,244.0,3.7550833225250244
5076,459.0,217.0,3.201174020767212
5077,469.0,224.0,3.1848678588867188
5078,475.0,206.0,3.0430335998535156
5079,505.0,201.0,2.863905191421509
5080,484.0,225.0,3.098203182220459
5081,498.0,237.0,4.848366022109985
5083,516.0,215.0,3.658102035522461
5085,464.0,229.0,3.1393134593963623
5089,457.0,210.0,3.170912742614746
5096,467.0,218.0,2.963953971862793
5097,490.0,241.0,3.147904872894287
5099,512.0,239.0,3.5608885288238525
5101,485.0,227.0,3.262254476547241
5105,505.0,224.0,3.037374258041382
5106,466.0,202.0,3.080653190612793
5107,472.0,216.0,2.96614408493042
5108,481.0,283.0,3.7346107959747314
5109,548.0,241.0,2.892141103744507
5111,551.0,236.0,3.5302493572235107
5112,473.0,210.0,2.5608413219451904
5114,512.0,204.0,2.8995916843414307
5117,510.0,201.0,2.959479331970215
5122,475.0,244.0,7.1271092891693115
5123,483.0,217.0,4.260967254638672
5124,510.0,221.0,2.911914587020874
5125,505.0,212.0,2.854261636734009
5127,490.0,220.0,3.153965711593628
5128,538.0,207.0,2.6368236541748047
5130,496.0,214.0,2.588865041732788
5131,478.0,215.0,2.4285736083984375
5132,470.0,219.0,2.5871472358703613
5134,499.0,220.0,3.3306384086608887
5136,488.0,221.0,2.9146225452423096
5139,482.0,203.0,2.956923723220825
5140,565.0,213.0,2.842801094055176
5141,555.0,231.0,3.114354372024536
5143,461.0,212.0,2.6967830657958984
5146,530.0,251.0,3.1400094032287598
5147,534.0,216.0,3.1622314453125
5149,508.0,215.0,2.812134027481079
5150,450.0,213.0,2.7961459159851074
5151,506.0,248.0,3.153367757797241
5155,462.0,215.0,3.3334243297576904
5157,549.0,250.0,3.377962589263916
5159,485.0,211.0,2.8179256916046143
5160,532.0,221.0,3.2493581771850586
5162,449.0,217.0,2.898591995239258
5164,484.0,225.0,2.9223217964172363
5165,516.0,251.0,3.3776822090148926
5167,467.0,211.0,3.327296257019043
5168,464.0,255.0,4.293909072875977
5170,535.0,250.0,3.3947947025299072
5171,511.0,211.0,3.173846483230591
5174,478.0,234.0,3.2033603191375732
5175,529.0,204.0,2.8179986476898193
5178,516.0,214.0,2.637824535369873
5180,524.0,204.0,2.3898611068725586
5181,488.0,239.0,3.6820061206817627
5183,467.0,198.0,3.1324703693389893
5185,556.0,219.0,2.9920780658721924
5186,549.0,235.0,3.2679474353790283
5187,502.0,228.0,2.9086074829101562
5191,535.0,214.0,3.364225149154663
5193,492.0,209.0,3.0987191200256348
5194,489.0,234.0,3.3006694316864014
5195,482.0,248.0,3.296546459197998
5196,565.0,215.0,2.8264384269714355
5199,538.0,208.0,3.116292715072632
5203,503.0,260.0,3.3752288818359375
5204,464.0,276.0,4.10908055305481
5207,492.0,209.0,2.9650027751922607
5212,469.0,237.0,3.3318090438842773
5213,483.0,225.0,3.0555717945098877
5214,480.0,243.0,2.9547853469848633
5215,444.0,209.0,4.83600378036499
5219,455.0,260.0,3.6122567653656006
5220,541.0,235.0,3.3195066452026367
5221,509.0,218.0,2.920241355895996
5224,498.0,232.0,3.646259307861328
5225,537.0,248.0,3.477246046066284
5228,523.0,211.0,2.497046709060669
5231,548.0,272.0,3.6973371505737305
5234,530.0,259.0,3.6230204105377197
5235,507.0,207.0,2.5574724674224854
5237,491.0,212.0,2.9649124145507812
5238,470.0,222.0,3.841141939163208
5239,487.0,219.0,2.931880235671997
5240,492.0,254.0,3.6594438552856445
5242,558.0,222.0,2.9732117652893066
5244,496.0,239.0,2.917264699935913
5246,457.0,249.0,3.2896742820739746
5248,481.0,212.0,2.8188211917877197
5251,516.0,209.0,2.862931489944458
5252,531.0,234.0,3.1179885864257812
5253,526.0,218.0,3.116788387298584
5254,477.0,230.0,2.753662586212158
5255,489.0,228.0,3.2509891986846924
5257,434.0,178.0,2.575742483139038
5259,537.0,263.0,3.9992172718048096
5260,480.0,213.0,2.8103373050689697
5263,466.0,224.0,4.400140285491943
5264,454.0,199.0,2.5815069675445557
5266,475.0,211.0,2.5736541748046875
5267,478.0,234.0,3.7079153060913086
5268,517.0,222.0,2.5904335975646973
5269,482.0,209.0,2.656562328338623
5276,465.0,241.0,3.2433078289031982
5278,489.0,234.0,3.5035183429718018
5280,472.0,246.0,4.0354509353637695
5281,498.0,249.0,3.8768374919891357
5282,462.0,216.0,2.810534954071045
5283,524.0,254.0,3.655386447906494
5286,469.0,217.0,2.8753364086151123
5287,467.0,207.0,4.2573792934417725
5289,498.0,211.0,4.554878234863281
5290,490.0,201.0,2.563648223876953
5291,504.0,231.0,3.204296588897705
5293,489.0,252.0,3.7851147651672363
5301,487.0,209.0,2.880636215209961
5307,513.0,235.0,3.0795845985412598
5309,528.0,225.0,2.859369993209839
5312,473.0,216.0,3.0739691257476807
5315,512.0,234.0,3.5730364322662354
5316,468.0,205.0,2.7224411964416504
5317,523.0,212.0,2.8864736557006836
5318,484.0,216.0,2.593116521835327
5320,491.0,221.0,3.326669454574585
5321,514.0,207.0,2.783928632736206
5324,449.0,191.0,2.9097862243652344
5325,485.0,239.0,3.3928756713867188
5328,501.0,266.0,4.310588836669922
5329,483.0,203.0,2.582134962081909
5330,491.0,256.0,3.524303436279297
5335,480.0,246.0,3.9724318981170654
5337,532.0,247.0,4.217852592468262
5341,479.0,200.0,2.4423108100891113
5342,537.0,246.0,3.5861988067626953
5343,457.0,207.0,2.8581721782684326
5344,495.0,227.0,3.0400848388671875
5346,489.0,221.0,3.324256420135498
5350,553.0,237.0,3.2927565574645996
5351,492.0,219.0,3.0977137088775635
5354,528.0,206.0,2.8593246936798096
5356,491.0,230.0,3.0324902534484863
5358,477.0,260.0,3.4381701946258545
5360,481.0,219.0,2.864957571029663
5361,474.0,261.0,3.2889561653137207
5364,494.0,215.0,2.7614543437957764
5365,509.0,205.0,2.9880995750427246
5367,524.0,172.0,2.797217607498169
5368,476.0,212.0,2.6216351985931396
5370,493.0,250.0,3.3317983150482178
5371,455.0,227.0,2.6822383403778076
5372,572.0,218.0,2.660646438598633
5374,513.0,266.0,3.4944913387298584
5375,463.0,268.0,3.5348284244537354
5377,492.0,206.0,2.1848526000976562
5380,475.0,209.0,2.7850358486175537
5381,520.0,231.0,3.344996213912964
5383,530.0,206.0,2.6910409927368164
5384,525.0,245.0,3.0989162921905518
5388,481.0,256.0,3.5220530033111572
5391,488.0,221.0,2.7865514755249023
5394,478.0,209.0,2.9417638778686523
5397,468.0,220.0,3.054744243621826
5399,453.0,218.0,2.6712887287139893
5400,546.0,240.0,3.7704410552978516
5402,533.0,207.0,2.9830100536346436
5403,498.0,238.0,3.6279494762420654
5404,477.0,229.0,2.791002035140991
5405,494.0,215.0,3.029789924621582
5409,458.0,251.0,3.38983154296875
5411,502.0,207.0,3.053689956665039
5414,505.0,241.0,3.2708165645599365
5416,524.0,230.0,3.1749277114868164
5419,551.0,216.0,2.979605197906494
5420,464.0,204.0,2.99802303314209
5421,502.0,241.0,3.212878704071045
5422,479.0,222.0,2.948842763900757
5423,477.0,213.0,3.7566213607788086
5424,456.0,201.0,2.6425631046295166
5426,469.0,228.0,3.162010431289673
5428,457.0,218.0,3.0074758529663086
5429,517.0,243.0,3.2137322425842285
5430,474.0,209.0,2.902345657348633
5432,441.0,209.0,2.8730478286743164
5433,500.0,208.0,2.505011796951294
5434,549.0,191.0,2.8076796531677246
5438,478.0,244.0,3.443669319152832
5440,537.0,266.0,4.026007413864136
5441,493.0,208.0,2.9425463676452637
5443,497.0,233.0,3.101881504058838
5444,565.0,211.0,2.825364828109741
5446,509.0,232.0,4.473271608352661
5447,485.0,212.0,2.801589012145996
5448,504.0,171.0,2.983586549758911
5449,483.0,229.0,3.302569627761841
5451,468.0,228.0,2.7389509677886963
5452,534.0,222.0,2.7567825317382812
5454,555.0,220.0,3.2180230617523193
5456,546.0,208.0,2.5377373695373535
5457,460.0,233.0,3.2930543422698975
5461,471.0,241.0,3.260385036468506
5462,483.0,209.0,3.113713502883911
5465,478.0,226.0,3.2351975440979004
5467,514.0,224.0,3.119563579559326
5468,520.0,255.0,3.628206968307495
5470,501.0,246.0,4.677032947540283
5471,522.0,218.0,3.089540481567383
5473,532.0,232.0,3.2128677368164062
5476,584.0,234.0,3.2912144660949707
5477,498.0,209.0,3.0083281993865967
5478,518.0,251.0,3.409682273864746
5479,525.0,210.0,3.4216437339782715
5480,497.0,258.0,3.2362234592437744
5481,475.0,205.0,2.5235230922698975
5482,473.0,203.0,2.6036736965179443
5488,509.0,200.0,2.576838731765747
5489,552.0,213.0,2.8000450134277344
5490,503.0,217.0,2.768033027648926
5492,461.0,199.0,2.487949848175049
5494,453.0,222.0,2.5177199840545654
5495,444.0,226.0,3.029560089111328
5497,464.0,230.0,3.4207005500793457
5498,474.0,238.0,3.1689743995666504
5500,479.0,190.0,2.4991745948791504
5501,464.0,223.0,2.7970211505889893
5502,478.0,216.0,3.3029234409332275
5504,517.0,270.0,3.77803373336792
5508,471.0,197.0,2.3917651176452637
5509,514.0,204.0,3.1194140911102295
5512,478.0,228.0,2.7873685359954834
5514,560.0,228.0,2.9107165336608887
5515,484.0,198.0,2.761244535446167
5517,550.0,226.0,3.7173867225646973
5518,473.0,224.0,3.1369590759277344
5521,505.0,243.0,3.009946346282959
5522,510.0,253.0,2.949218988418579
5523,484.0,205.0,2.555656671524048
5524,473.0,210.0,3.017784357070923
5525,471.0,213.0,3.0404248237609863
5526,495.0,203.0,2.4202678203582764
5528,450.0,207.0,2.700890302658081
5530,519.0,228.0,2.689842700958252
5532,502.0,222.0,2.6303789615631104
5534,549.0,227.0,2.860618829727173
5536,463.0,226.0,2.7573118209838867
5542,525.0,217.0,2.856259346008301
5543,516.0,231.0,2.702754497528076
5545,504.0,252.0,3.096566915512085
5548,510.0,220.0,2.4877448081970215
5549,500.0,247.0,3.036569356918335
5552,496.0,236.0,2.6105566024780273
5553,469.0,236.0,3.3736228942871094
5555,491.0,215.0,2.9786834716796875
5556,480.0,204.0,2.7659804821014404
5557,528.0,205.0,2.388232469558716
5558,474.0,234.0,3.205717086791992
5559,506.0,237.0,3.301400661468506
5560,498.0,209.0,2.9432108402252197
5562,501.0,225.0,2.576561689376831
5564,476.0,212.0,2.457772731781006
5566,475.0,228.0,3.4086403846740723
5567,485.0,220.0,3.2842695713043213
5568,474.0,225.0,2.9022746086120605
5569,495.0,212.0,3.003110647201538
5570,536.0,207.0,2.8600056171417236
5571,487.0,214.0,3.080782890319824
5573,503.0,222.0,3.02860951423645
5574,481.0,234.0,3.604236602783203
5575,501.0,221.0,2.9610087871551514
5580,547.0,252.0,3.681438684463501
5582,484.0,218.0,2.653080463409424
5583,499.0,253.0,3.278827667236328
5585,471.0,215.0,2.9845643043518066
5586,477.0,208.0,2.835479497909546
5587,479.0,204.0,2.776188611984253
5588,532.0,215.0,2.8984694480895996
5590,539.0,212.0,3.033705234527588
5593,508.0,205.0,2.7476344108581543
5596,502.0,219.0,2.6638009548187256
5598,494.0,217.0,2.7329721450805664
5600,522.0,211.0,2.7718491554260254
5601,481.0,213.0,2.5611603260040283
5602,485.0,219.0,2.7663090229034424
5603,492.0,218.0,2.9978551864624023
5604,466.0,225.0,4.369222640991211
5606,502.0,235.0,3.498049020767212
5608,480.0,173.0,2.515063762664795
5610,543.0,227.0,2.9093711376190186
5612,478.0,237.0,3.4876105785369873
5615,519.0,232.0,3.0358946323394775
5616,531.0,255.0,3.0648539066314697
5620,488.0,236.0,3.129225254058838
5622,474.0,218.0,3.1622273921966553
5623,531.0,217.0,3.0080175399780273
5624,481.0,214.0,2.696164846420288
5626,462.0,252.0,3.308558225631714
5627,542.0,222.0,2.9543826580047607
5629,483.0,216.0,3.0657436847686768
5633,515.0,237.0,3.400668144226074
5634,507.0,271.0,3.5447285175323486
5635,455.0,208.0,2.904414176940918
5641,534.0,202.0,2.5542831420898438
5643,503.0,217.0,3.246394157409668
5644,487.0,202.0,2.560593605041504
5645,517.0,244.0,4.165985822677612
5647,535.0,224.0,2.7597169876098633
5648,486.0,204.0,2.694143295288086
5649,554.0,253.0,4.328295946121216
5650,504.0,201.0,3.135026454925537
5652,465.0,240.0,3.219681739807129
5653,444.0,213.0,2.857393503189087
5654,484.0,223.0,3.1827409267425537
5656,473.0,211.0,4.9726645946502686
5657,562.0,248.0,3.44710111618042
5660,492.0,241.0,3.5809547901153564
5661,481.0,266.0,3.2740018367767334
5662,498.0,221.0,3.0492889881134033
5663,470.0,219.0,3.074064016342163
5664,498.0,205.0,2.9609005451202393
5669,551.0,216.0,2.8051881790161133
5671,468.0,261.0,4.126763105392456
5672,492.0,229.0,3.3468751907348633
5674,501.0,215.0,3.050755023956299
5675,489.0,202.0,2.8807296752929688
5676,488.0,218.0,2.899507761001587
5679,526.0,207.0,2.8575892448425293
5680,480.0,212.0,2.891756534576416
5684,470.0,229.0,2.759347677230835
5685,480.0,207.0,2.5836257934570312
5686,577.0,243.0,3.472816228866577
5689,510.0,227.0,3.238236904144287
5692,489.0,235.0,3.1358323097229004
5695,559.0,232.0,3.106438159942627
5697,499.0,242.0,2.8276288509368896
5699,477.0,236.0,3.7033395767211914
5702,450.0,263.0,3.1385722160339355
5703,497.0,240.0,3.8914003372192383
5704,482.0,218.0,2.924485445022583
5705,486.0,211.0,2.957627773284912
5707,574.0,257.0,3.372797966003418
5709,572.0,230.0,3.229928970336914
5710,511.0,244.0,3.8956186771392822
5712,488.0,247.0,3.6139636039733887
5713,459.0,223.0,2.888956308364868
5715,516.0,208.0,3.372075319290161
5717,506.0,212.0,2.8200459480285645
5719,500.0,246.0,3.1593124866485596
5720,489.0,212.0,2.850421190261841
5721,513.0,191.0,2.680765390396118
5722,497.0,212.0,2.8625688552856445
5723,494.0,200.0,2.6599977016448975
5724,418.0,225.0,3.20806884765625
5727,491.0,214.0,2.8846354484558105
5729,534.0,206.0,2.728130578994751
5730,548.0,224.0,2.7922849655151367
5731,538.0,259.0,3.3630261421203613
5732,504.0,170.0,3.1038849353790283
5735,481.0,203.0,2.6302828788757324
5737,452.0,211.0,2.9766297340393066
5740,526.0,229.0,2.763078451156616
5744,518.0,209.0,2.7362537384033203
5750,513.0,197.0,2.4498226642608643
5752,457.0,201.0,2.533203363418579
5754,483.0,196.0,2.766122579574585
5755,480.0,211.0,3.0826992988586426
5756,514.0,229.0,4.304141283035278
5757,523.0,283.0,3.6517419815063477
5760,488.0,227.0,3.43418550491333
5761,473.0,205.0,3.032543897628784
5762,468.0,232.0,3.042328119277954
5763,492.0,219.0,2.799469470977783
5767,505.0,213.0,2.4142091274261475
5768,474.0,215.0,2.7950072288513184
5769,463.0,216.0,2.7897913455963135
5771,464.0,162.0,2.7600607872009277
5774,474.0,237.0,2.892648696899414
5776,535.0,219.0,3.56449556350708
5777,551.0,243.0,3.2969107627868652
5780,480.0,240.0,3.2273709774017334
5781,526.0,240.0,3.4141902923583984
5782,518.0,245.0,3.393275737762451
5784,533.0,206.0,2.775456428527832
5785,495.0,244.0,3.477616310119629
5788,500.0,225.0,3.2811636924743652
5789,492.0,216.0,2.873039960861206
5790,515.0,211.0,3.0805468559265137
5791,455.0,223.0,3.4168906211853027
5794,473.0,226.0,2.8324453830718994
5795,480.0,203.0,2.862926959991455
5798,571.0,198.0,2.7040934562683105
5799,500.0,222.0,3.3848001956939697
5801,498.0,249.0,3.58621883392334
5803,456.0,238.0,3.13156795501709
5804,471.0,256.0,3.888267993927002
5806,489.0,213.0,3.081886053085327
5807,477.0,216.0,3.3173980712890625
5808,467.0,237.0,3.2774810791015625
5809,483.0,218.0,2.9146714210510254
5811,493.0,245.0,3.2279036045074463
5813,518.0,209.0,3.184469699859619
5817,479.0,251.0,3.3125107288360596
5818,512.0,219.0,2.690735340118408
5820,515.0,235.0,3.5215859413146973
5821,454.0,254.0,3.2852227687835693
5822,512.0,256.0,3.209299325942993
5825,504.0,264.0,3.944775342941284
5826,540.0,267.0,3.2713990211486816
5828,547.0,213.0,2.663193702697754
5830,437.0,238.0,3.3805644512176514
5832,495.0,232.0,3.3710408210754395
5833,513.0,223.0,2.3718173503875732
5835,503.0,238.0,3.1170494556427
5840,444.0,248.0,3.3236896991729736
5842,480.0,206.0,2.730404853820801
5846,486.0,244.0,3.2198493480682373
5848,547.0,252.0,3.555427312850952
5850,526.0,246.0,3.5722808837890625
5851,504.0,203.0,2.842769145965576
5853,494.0,219.0,2.651477336883545
5854,474.0,213.0,2.9720139503479004
5856,512.0,243.0,2.9697201251983643
5857,478.0,212.0,3.798295021057129
5858,495.0,218.0,3.1795496940612793
5860,489.0,248.0,3.6896555423736572
5863,468.0,225.0,3.0933258533477783
5865,494.0,239.0,3.242064952850342
5867,498.0,216.0,3.2220876216888428
5868,535.0,225.0,2.9013547897338867
5869,512.0,212.0,2.5965933799743652
5870,493.0,211.0,3.1291162967681885
5871,461.0,242.0,2.929940938949585
5872,540.0,170.0,2.5792582035064697
5873,482.0,229.0,3.032644271850586
5874,498.0,225.0,2.9372127056121826
5875,532.0,211.0,2.459017753601074
5877,482.0,236.0,3.7256176471710205
5878,517.0,244.0,3.9561102390289307
5879,504.0,240.0,3.3272528648376465
5880,463.0,196.0,2.7515153884887695
5882,471.0,217.0,2.703751564025879
5883,548.0,227.0,2.7597267627716064
5885,475.0,250.0,3.1859803199768066
5886,510.0,210.0,2.7276947498321533
5887,464.0,206.0,2.444593667984009
5888,468.0,252.0,3.2642228603363037
5890,444.0,213.0,2.5632476806640625
5892,513.0,246.0,3.426119089126587
5896,477.0,227.0,3.351627826690674
5897,482.0,200.0,3.0958797931671143
5902,517.0,235.0,3.0684194564819336
5906,484.0,246.0,3.5747363567352295
5907,491.0,217.0,2.633435010910034
5908,466.0,252.0,2.9851126670837402
5909,475.0,214.0,2.7472169399261475
5910,515.0,252.0,3.3659515380859375
5911,466.0,201.0,2.8410704135894775
5912,476.0,204.0,2.4189701080322266
5913,537.0,230.0,2.9276978969573975
5916,485.0,248.0,3.2073299884796143
5920,509.0,205.0,2.711531400680542
5921,521.0,211.0,2.532559871673584
5922,481.0,191.0,2.7882330417633057
5924,522.0,220.0,2.9273157119750977
5926,463.0,219.0,3.1055564880371094
5928,484.0,223.0,3.5492780208587646
5933,505.0,254.0,3.3475899696350098
5934,462.0,230.0,2.965177059173584
5939,462.0,220.0,2.8377766609191895
5940,563.0,230.0,3.4906468391418457
5941,516.0,224.0,2.9594030380249023
5945,516.0,216.0,2.5762109756469727
5946,477.0,206.0,3.229085683822632
5947,472.0,202.0,2.619497299194336
5952,612.0,270.0,3.8633956909179688
5955,491.0,217.0,2.8733773231506348
5957,509.0,211.0,2.858931303024292
5958,497.0,234.0,3.784752368927002
5959,487.0,233.0,3.2763898372650146
5960,478.0,218.0,3.2013087272644043
5962,525.0,198.0,2.5815396308898926
5963,467.0,236.0,3.4324951171875
5964,453.0,246.0,3.4894227981567383
5966,479.0,204.0,2.736267328262329
5967,538.0,223.0,3.051352024078369
5969,561.0,232.0,2.8476052284240723
5970,547.0,243.0,3.7550694942474365
5971,488.0,215.0,2.7898783683776855
5972,577.0,229.0,3.215073585510254
5974,560.0,236.0,3.266415596008301
5975,496.0,270.0,3.37357497215271
5976,440.0,251.0,3.5684940814971924
5978,494.0,238.0,3.760354995727539
5979,521.0,242.0,3.5708909034729004
5982,579.0,216.0,3.373694896697998
5984,509.0,231.0,3.3954379558563232
5985,503.0,219.0,3.0365593433380127
5992,512.0,262.0,3.3115596771240234
5993,550.0,235.0,3.1078224182128906
5994,476.0,242.0,2.4491472244262695
5996,550.0,229.0,2.9520411491394043
5997,480.0,221.0,3.20595645904541
5998,565.0,222.0,3.1004960536956787
6000,516.0,206.0,2.306246280670166
6001,488.0,239.0,3.166159152984619
6002,501.0,240.0,2.9505698680877686
6003,568.0,194.0,3.402724266052246
6007,561.0,291.0,3.3952951431274414
6009,473.0,243.0,3.3808839321136475
6010,483.0,216.0,2.9806606769561768
6011,477.0,222.0,3.2903082370758057
6014,480.0,219.0,2.7987654209136963
6015,496.0,196.0,3.1426258087158203
6017,489.0,228.0,2.6019041538238525
6018,554.0,202.0,3.009692907333374
6020,519.0,277.0,4.004598140716553
6022,545.0,205.0,2.7322165966033936
6023,560.0,203.0,2.7721807956695557
6024,469.0,244.0,3.847642183303833
6027,522.0,207.0,2.6878013610839844
6030,517.0,274.0,3.8103585243225098
6031,472.0,241.0,3.0327630043029785
6034,497.0,220.0,3.0692026615142822
6035,529.0,222.0,3.0492382049560547
6037,461.0,256.0,3.5213475227355957
